imageUrl,imageTypeId,productColorId
https://images.unsplash.com/photo-1438761681033-6461ffad8d80?crop=entropy&cs=tinysrgb&fit=max&fm=jpg&ixid=MnwyNjY4NDl8MHwxfHNlYXJjaHwxfHxwZXJzb258ZW58MHx8fHwxNjM0MTg2NTA2&ixlib=rb-1.2.1&q=80&w=400,1,1
https://images.unsplash.com/flagged/photo-1570612861542-284f4c12e75f?crop=entropy&cs=tinysrgb&fit=max&fm=jpg&ixid=MnwyNjY4NDl8MHwxfHNlYXJjaHwyfHxwZXJzb258ZW58MHx8fHwxNjM0MTg2NTA2&ixlib=rb-1.2.1&q=80&w=400,1,1
https://images.unsplash.com/photo-1547425260-76bcadfb4f2c?crop=entropy&cs=tinysrgb&fit=max&fm=jpg&ixid=MnwyNjY4NDl8MHwxfHNlYXJjaHwzfHxwZXJzb258ZW58MHx8fHwxNjM0MTg2NTA2&ixlib=rb-1.2.1&q=80&w=400,1,1
https://images.unsplash.com/photo-1544005313-94ddf0286df2?crop=entropy&cs=tinysrgb&fit=max&fm=jpg&ixid=MnwyNjY4NDl8MHwxfHNlYXJjaHw0fHxwZXJzb258ZW58MHx8fHwxNjM0MTg2NTA2&ixlib=rb-1.2.1&q=80&w=400,1,1
https://images.unsplash.com/photo-1506748686214-e9df14d4d9d0?crop=entropy&cs=tinysrgb&fit=max&fm=jpg&ixid=MnwyNjY4NDl8MHwxfHNlYXJjaHw1fHxwZXJzb258ZW58MHx8fHwxNjM0MTg2NTA2&ixlib=rb-1.2.1&q=80&w=400,1,1
https://images.unsplash.com/photo-1552058544-f2b08422138a?crop=entropy&cs=tinysrgb&fit=max&fm=jpg&ixid=MnwyNjY4NDl8MHwxfHNlYXJjaHw2fHxwZXJzb258ZW58MHx8fHwxNjM0MTg2NTA2&ixlib=rb-1.2.1&q=80&w=400,1,1
https://images.unsplash.com/photo-1554151228-14d9def656e4?crop=entropy&cs=tinysrgb&fit=max&fm=jpg&ixid=MnwyNjY4NDl8MHwxfHNlYXJjaHw3fHxwZXJzb258ZW58MHx8fHwxNjM0MTg2NTA2&ixlib=rb-1.2.1&q=80&w=400,1,1
https://images.unsplash.com/photo-1492681290082-e932832941e6?crop=entropy&cs=tinysrgb&fit=max&fm=jpg&ixid=MnwyNjY4NDl8MHwxfHNlYXJjaHw4fHxwZXJzb258ZW58MHx8fHwxNjM0MTg2NTA2&ixlib=rb-1.2.1&q=80&w=400,1,1
https://images.unsplash.com/photo-1473830394358-91588751b241?crop=entropy&cs=tinysrgb&fit=max&fm=jpg&ixid=MnwyNjY4NDl8MHwxfHNlYXJjaHw5fHxwZXJzb258ZW58MHx8fHwxNjM0MTg2NTA2&ixlib=rb-1.2.1&q=80&w=400,1,2
https://images.unsplash.com/photo-1491349174775-aaafddd81942?crop=entropy&cs=tinysrgb&fit=max&fm=jpg&ixid=MnwyNjY4NDl8MHwxfHNlYXJjaHwxMHx8cGVyc29ufGVufDB8fHx8MTYzNDE4NjUwNg&ixlib=rb-1.2.1&q=80&w=400,1,2
https://images.unsplash.com/photo-1494959764136-6be9eb3c261e?crop=entropy&cs=tinysrgb&fit=max&fm=jpg&ixid=MnwyNjY4NDl8MHwxfHNlYXJjaHwxMXx8cGVyc29ufGVufDB8fHx8MTYzNDE4NjUwNw&ixlib=rb-1.2.1&q=80&w=400,1,2
https://images.unsplash.com/photo-1499952127939-9bbf5af6c51c?crop=entropy&cs=tinysrgb&fit=max&fm=jpg&ixid=MnwyNjY4NDl8MHwxfHNlYXJjaHwxMnx8cGVyc29ufGVufDB8fHx8MTYzNDE4NjUwNw&ixlib=rb-1.2.1&q=80&w=400,1,2
https://images.unsplash.com/photo-1500048993953-d23a436266cf?crop=entropy&cs=tinysrgb&fit=max&fm=jpg&ixid=MnwyNjY4NDl8MHwxfHNlYXJjaHwxM3x8cGVyc29ufGVufDB8fHx8MTYzNDE4NjUwNw&ixlib=rb-1.2.1&q=80&w=400,1,2
https://images.unsplash.com/photo-1504593811423-6dd665756598?crop=entropy&cs=tinysrgb&fit=max&fm=jpg&ixid=MnwyNjY4NDl8MHwxfHNlYXJjaHwxNHx8cGVyc29ufGVufDB8fHx8MTYzNDE4NjUwNw&ixlib=rb-1.2.1&q=80&w=400,1,2
https://images.unsplash.com/photo-1496302662116-35cc4f36df92?crop=entropy&cs=tinysrgb&fit=max&fm=jpg&ixid=MnwyNjY4NDl8MHwxfHNlYXJjaHwxNXx8cGVyc29ufGVufDB8fHx8MTYzNDE4NjUwNw&ixlib=rb-1.2.1&q=80&w=400,1,2
https://images.unsplash.com/photo-1500259783852-0ca9ce8a64dc?crop=entropy&cs=tinysrgb&fit=max&fm=jpg&ixid=MnwyNjY4NDl8MHwxfHNlYXJjaHwxNnx8cGVyc29ufGVufDB8fHx8MTYzNDE4NjUwNw&ixlib=rb-1.2.1&q=80&w=400,1,2
https://images.unsplash.com/photo-1499482125586-91609c0b5fd4?crop=entropy&cs=tinysrgb&fit=max&fm=jpg&ixid=MnwyNjY4NDl8MHwxfHNlYXJjaHwxN3x8cGVyc29ufGVufDB8fHx8MTYzNDE4NjUwNw&ixlib=rb-1.2.1&q=80&w=400,1,2
https://images.unsplash.com/photo-1581456495146-65a71b2c8e52?crop=entropy&cs=tinysrgb&fit=max&fm=jpg&ixid=MnwyNjY4NDl8MHwxfHNlYXJjaHwxOHx8cGVyc29ufGVufDB8fHx8MTYzNDE4NjUwNw&ixlib=rb-1.2.1&q=80&w=400,1,2
https://images.unsplash.com/photo-1491609154219-ffd3ffafd992?crop=entropy&cs=tinysrgb&fit=max&fm=jpg&ixid=MnwyNjY4NDl8MHwxfHNlYXJjaHwxOXx8cGVyc29ufGVufDB8fHx8MTYzNDE4NjUwNw&ixlib=rb-1.2.1&q=80&w=400,1,3
https://images.unsplash.com/photo-1503249023995-51b0f3778ccf?crop=entropy&cs=tinysrgb&fit=max&fm=jpg&ixid=MnwyNjY4NDl8MHwxfHNlYXJjaHwyMHx8cGVyc29ufGVufDB8fHx8MTYzNDE4NjUwNw&ixlib=rb-1.2.1&q=80&w=400,1,3
https://images.unsplash.com/photo-1573140247632-f8fd74997d5c?crop=entropy&cs=tinysrgb&fit=max&fm=jpg&ixid=MnwyNjY4NDl8MHwxfHNlYXJjaHwyMXx8cGVyc29ufGVufDB8fHx8MTYzNDE4NjUwNw&ixlib=rb-1.2.1&q=80&w=400,1,3
https://images.unsplash.com/photo-1542206395-9feb3edaa68d?crop=entropy&cs=tinysrgb&fit=max&fm=jpg&ixid=MnwyNjY4NDl8MHwxfHNlYXJjaHwyMnx8cGVyc29ufGVufDB8fHx8MTYzNDE4NjUwNw&ixlib=rb-1.2.1&q=80&w=400,1,3
https://images.unsplash.com/photo-1555952517-2e8e729e0b44?crop=entropy&cs=tinysrgb&fit=max&fm=jpg&ixid=MnwyNjY4NDl8MHwxfHNlYXJjaHwyM3x8cGVyc29ufGVufDB8fHx8MTYzNDE4NjUwNw&ixlib=rb-1.2.1&q=80&w=400,1,3
https://images.unsplash.com/photo-1593104547489-5cfb3839a3b5?crop=entropy&cs=tinysrgb&fit=max&fm=jpg&ixid=MnwyNjY4NDl8MHwxfHNlYXJjaHwyNHx8cGVyc29ufGVufDB8fHx8MTYzNDE4NjUwNw&ixlib=rb-1.2.1&q=80&w=400,1,3
https://images.unsplash.com/photo-1515191107209-c28698631303?crop=entropy&cs=tinysrgb&fit=max&fm=jpg&ixid=MnwyNjY4NDl8MHwxfHNlYXJjaHwyNXx8cGVyc29ufGVufDB8fHx8MTYzNDE4NjUwNw&ixlib=rb-1.2.1&q=80&w=400,1,3
https://images.unsplash.com/photo-1599566150163-29194dcaad36?crop=entropy&cs=tinysrgb&fit=max&fm=jpg&ixid=MnwyNjY4NDl8MHwxfHNlYXJjaHwyNnx8cGVyc29ufGVufDB8fHx8MTYzNDE4NjUwNw&ixlib=rb-1.2.1&q=80&w=400,1,3
https://images.unsplash.com/photo-1493863641943-9b68992a8d07?crop=entropy&cs=tinysrgb&fit=max&fm=jpg&ixid=MnwyNjY4NDl8MHwxfHNlYXJjaHwyN3x8cGVyc29ufGVufDB8fHx8MTYzNDE4NjUwNw&ixlib=rb-1.2.1&q=80&w=400,1,3
https://images.unsplash.com/photo-1494708001911-679f5d15a946?crop=entropy&cs=tinysrgb&fit=max&fm=jpg&ixid=MnwyNjY4NDl8MHwxfHNlYXJjaHwyOHx8cGVyc29ufGVufDB8fHx8MTYzNDE4NjUwNw&ixlib=rb-1.2.1&q=80&w=400,1,3
https://images.unsplash.com/photo-1497021707778-a743a0bb2961?crop=entropy&cs=tinysrgb&fit=max&fm=jpg&ixid=MnwyNjY4NDl8MHwxfHNlYXJjaHwyOXx8cGVyc29ufGVufDB8fHx8MTYzNDE4NjUwNw&ixlib=rb-1.2.1&q=80&w=400,1,4
https://images.unsplash.com/photo-1589571894960-20bbe2828d0a?crop=entropy&cs=tinysrgb&fit=max&fm=jpg&ixid=MnwyNjY4NDl8MHwxfHNlYXJjaHwzMHx8cGVyc29ufGVufDB8fHx8MTYzNDE4NjUwNw&ixlib=rb-1.2.1&q=80&w=400,1,4
https://images.unsplash.com/photo-1596215143922-eedeaba0d91c?crop=entropy&cs=tinysrgb&fit=max&fm=jpg&ixid=MnwyNjY4NDl8MHwxfHNlYXJjaHwzMXx8cGVyc29ufGVufDB8fHx8MTYzNDE4NjUwOA&ixlib=rb-1.2.1&q=80&w=400,1,4
https://images.unsplash.com/photo-1542383133-359c93195a9d?crop=entropy&cs=tinysrgb&fit=max&fm=jpg&ixid=MnwyNjY4NDl8MHwxfHNlYXJjaHwzMnx8cGVyc29ufGVufDB8fHx8MTYzNDE4NjUwOA&ixlib=rb-1.2.1&q=80&w=400,1,4
https://images.unsplash.com/photo-1580489944761-15a19d654956?crop=entropy&cs=tinysrgb&fit=max&fm=jpg&ixid=MnwyNjY4NDl8MHwxfHNlYXJjaHwzM3x8cGVyc29ufGVufDB8fHx8MTYzNDE4NjUwOA&ixlib=rb-1.2.1&q=80&w=400,1,4
https://images.unsplash.com/photo-1569124589354-615739ae007b?crop=entropy&cs=tinysrgb&fit=max&fm=jpg&ixid=MnwyNjY4NDl8MHwxfHNlYXJjaHwzNHx8cGVyc29ufGVufDB8fHx8MTYzNDE4NjUwOA&ixlib=rb-1.2.1&q=80&w=400,1,4
https://images.unsplash.com/photo-1544723795-3fb6469f5b39?crop=entropy&cs=tinysrgb&fit=max&fm=jpg&ixid=MnwyNjY4NDl8MHwxfHNlYXJjaHwzNXx8cGVyc29ufGVufDB8fHx8MTYzNDE4NjUwOA&ixlib=rb-1.2.1&q=80&w=400,1,4
https://images.unsplash.com/photo-1534528741775-53994a69daeb?crop=entropy&cs=tinysrgb&fit=max&fm=jpg&ixid=MnwyNjY4NDl8MHwxfHNlYXJjaHwzNnx8cGVyc29ufGVufDB8fHx8MTYzNDE4NjUwOA&ixlib=rb-1.2.1&q=80&w=400,1,4
https://images.unsplash.com/photo-1540569014015-19a7be504e3a?crop=entropy&cs=tinysrgb&fit=max&fm=jpg&ixid=MnwyNjY4NDl8MHwxfHNlYXJjaHwzN3x8cGVyc29ufGVufDB8fHx8MTYzNDE4NjUwOA&ixlib=rb-1.2.1&q=80&w=400,1,4
https://images.unsplash.com/photo-1506794778202-cad84cf45f1d?crop=entropy&cs=tinysrgb&fit=max&fm=jpg&ixid=MnwyNjY4NDl8MHwxfHNlYXJjaHwzOHx8cGVyc29ufGVufDB8fHx8MTYzNDE4NjUwOA&ixlib=rb-1.2.1&q=80&w=400,1,4
https://images.unsplash.com/photo-1500648767791-00dcc994a43e?crop=entropy&cs=tinysrgb&fit=max&fm=jpg&ixid=MnwyNjY4NDl8MHwxfHNlYXJjaHwzOXx8cGVyc29ufGVufDB8fHx8MTYzNDE4NjUwOA&ixlib=rb-1.2.1&q=80&w=400,1,5
https://images.unsplash.com/photo-1605405748313-a416a1b84491?crop=entropy&cs=tinysrgb&fit=max&fm=jpg&ixid=MnwyNjY4NDl8MHwxfHNlYXJjaHw0MHx8cGVyc29ufGVufDB8fHx8MTYzNDE4NjUwOA&ixlib=rb-1.2.1&q=80&w=400,1,5
https://images.unsplash.com/photo-1615813967515-e1838c1c5116?crop=entropy&cs=tinysrgb&fit=max&fm=jpg&ixid=MnwyNjY4NDl8MHwxfHNlYXJjaHw0MXx8cGVyc29ufGVufDB8fHx8MTYzNDE4NjUwOA&ixlib=rb-1.2.1&q=80&w=400,1,5
https://images.unsplash.com/photo-1519733833087-3b1ceb8d56c5?crop=entropy&cs=tinysrgb&fit=max&fm=jpg&ixid=MnwyNjY4NDl8MHwxfHNlYXJjaHw0Mnx8cGVyc29ufGVufDB8fHx8MTYzNDE4NjUwOA&ixlib=rb-1.2.1&q=80&w=400,1,5
https://images.unsplash.com/photo-1598411072028-c4642d98352c?crop=entropy&cs=tinysrgb&fit=max&fm=jpg&ixid=MnwyNjY4NDl8MHwxfHNlYXJjaHw0M3x8cGVyc29ufGVufDB8fHx8MTYzNDE4NjUwOA&ixlib=rb-1.2.1&q=80&w=400,1,5
https://images.unsplash.com/photo-1494790108377-be9c29b29330?crop=entropy&cs=tinysrgb&fit=max&fm=jpg&ixid=MnwyNjY4NDl8MHwxfHNlYXJjaHw0NHx8cGVyc29ufGVufDB8fHx8MTYzNDE4NjUwOA&ixlib=rb-1.2.1&q=80&w=400,1,5
https://images.unsplash.com/photo-1597586124394-fbd6ef244026?crop=entropy&cs=tinysrgb&fit=max&fm=jpg&ixid=MnwyNjY4NDl8MHwxfHNlYXJjaHw0NXx8cGVyc29ufGVufDB8fHx8MTYzNDE4NjUwOA&ixlib=rb-1.2.1&q=80&w=400,1,5
https://images.unsplash.com/photo-1586459023690-8bda067ff1bf?crop=entropy&cs=tinysrgb&fit=max&fm=jpg&ixid=MnwyNjY4NDl8MHwxfHNlYXJjaHw0Nnx8cGVyc29ufGVufDB8fHx8MTYzNDE4NjUwOA&ixlib=rb-1.2.1&q=80&w=400,1,5
https://images.unsplash.com/photo-1472099645785-5658abf4ff4e?crop=entropy&cs=tinysrgb&fit=max&fm=jpg&ixid=MnwyNjY4NDl8MHwxfHNlYXJjaHw0N3x8cGVyc29ufGVufDB8fHx8MTYzNDE4NjUwOA&ixlib=rb-1.2.1&q=80&w=400,1,5
https://images.unsplash.com/photo-1529626455594-4ff0802cfb7e?crop=entropy&cs=tinysrgb&fit=max&fm=jpg&ixid=MnwyNjY4NDl8MHwxfHNlYXJjaHw0OHx8cGVyc29ufGVufDB8fHx8MTYzNDE4NjUwOA&ixlib=rb-1.2.1&q=80&w=400,1,5
https://images.unsplash.com/photo-1507003211169-0a1dd7228f2d?crop=entropy&cs=tinysrgb&fit=max&fm=jpg&ixid=MnwyNjY4NDl8MHwxfHNlYXJjaHw0OXx8cGVyc29ufGVufDB8fHx8MTYzNDE4NjUwOA&ixlib=rb-1.2.1&q=80&w=400,1,6
https://images.unsplash.com/photo-1545167622-3a6ac756afa4?crop=entropy&cs=tinysrgb&fit=max&fm=jpg&ixid=MnwyNjY4NDl8MHwxfHNlYXJjaHw1MHx8cGVyc29ufGVufDB8fHx8MTYzNDE4NjUwOA&ixlib=rb-1.2.1&q=80&w=400,1,6
https://images.unsplash.com/photo-1549068106-b024baf5062d?crop=entropy&cs=tinysrgb&fit=max&fm=jpg&ixid=MnwyNjY4NDl8MHwxfHNlYXJjaHw1MXx8cGVyc29ufGVufDB8fHx8MTYzNDE4NjUwOQ&ixlib=rb-1.2.1&q=80&w=400,1,6
https://images.unsplash.com/photo-1607346256330-dee7af15f7c5?crop=entropy&cs=tinysrgb&fit=max&fm=jpg&ixid=MnwyNjY4NDl8MHwxfHNlYXJjaHw1Mnx8cGVyc29ufGVufDB8fHx8MTYzNDE4NjUwOQ&ixlib=rb-1.2.1&q=80&w=400,1,6
https://images.unsplash.com/photo-1495216875107-c6c043eb703f?crop=entropy&cs=tinysrgb&fit=max&fm=jpg&ixid=MnwyNjY4NDl8MHwxfHNlYXJjaHw1M3x8cGVyc29ufGVufDB8fHx8MTYzNDE4NjUwOQ&ixlib=rb-1.2.1&q=80&w=400,1,6
https://images.unsplash.com/photo-1533850595620-7b1711221751?crop=entropy&cs=tinysrgb&fit=max&fm=jpg&ixid=MnwyNjY4NDl8MHwxfHNlYXJjaHw1NHx8cGVyc29ufGVufDB8fHx8MTYzNDE4NjUwOQ&ixlib=rb-1.2.1&q=80&w=400,1,6
https://images.unsplash.com/photo-1597223557154-721c1cecc4b0?crop=entropy&cs=tinysrgb&fit=max&fm=jpg&ixid=MnwyNjY4NDl8MHwxfHNlYXJjaHw1NXx8cGVyc29ufGVufDB8fHx8MTYzNDE4NjUwOQ&ixlib=rb-1.2.1&q=80&w=400,1,6
https://images.unsplash.com/photo-1552374196-c4e7ffc6e126?crop=entropy&cs=tinysrgb&fit=max&fm=jpg&ixid=MnwyNjY4NDl8MHwxfHNlYXJjaHw1Nnx8cGVyc29ufGVufDB8fHx8MTYzNDE4NjUwOQ&ixlib=rb-1.2.1&q=80&w=400,1,6
https://images.unsplash.com/photo-1608791952180-79294109d843?crop=entropy&cs=tinysrgb&fit=max&fm=jpg&ixid=MnwyNjY4NDl8MHwxfHNlYXJjaHw1N3x8cGVyc29ufGVufDB8fHx8MTYzNDE4NjUwOQ&ixlib=rb-1.2.1&q=80&w=400,1,6
https://images.unsplash.com/photo-1578916045370-25461e0cf390?crop=entropy&cs=tinysrgb&fit=max&fm=jpg&ixid=MnwyNjY4NDl8MHwxfHNlYXJjaHw1OHx8cGVyc29ufGVufDB8fHx8MTYzNDE4NjUwOQ&ixlib=rb-1.2.1&q=80&w=400,1,6
https://images.unsplash.com/photo-1527203561188-dae1bc1a417f?crop=entropy&cs=tinysrgb&fit=max&fm=jpg&ixid=MnwyNjY4NDl8MHwxfHNlYXJjaHw1OXx8cGVyc29ufGVufDB8fHx8MTYzNDE4NjUwOQ&ixlib=rb-1.2.1&q=80&w=400,1,7
https://images.unsplash.com/photo-1590895340509-793cb98788c9?crop=entropy&cs=tinysrgb&fit=max&fm=jpg&ixid=MnwyNjY4NDl8MHwxfHNlYXJjaHw2MHx8cGVyc29ufGVufDB8fHx8MTYzNDE4NjUwOQ&ixlib=rb-1.2.1&q=80&w=400,1,7
https://images.unsplash.com/photo-1508214751196-bcfd4ca60f91?crop=entropy&cs=tinysrgb&fit=max&fm=jpg&ixid=MnwyNjY4NDl8MHwxfHNlYXJjaHw2MXx8cGVyc29ufGVufDB8fHx8MTYzNDE4NjUwOQ&ixlib=rb-1.2.1&q=80&w=400,1,7
https://images.unsplash.com/photo-1523178089986-5af0e97effb3?crop=entropy&cs=tinysrgb&fit=max&fm=jpg&ixid=MnwyNjY4NDl8MHwxfHNlYXJjaHw2Mnx8cGVyc29ufGVufDB8fHx8MTYzNDE4NjUwOQ&ixlib=rb-1.2.1&q=80&w=400,1,7
https://images.unsplash.com/photo-1524250502761-1ac6f2e30d43?crop=entropy&cs=tinysrgb&fit=max&fm=jpg&ixid=MnwyNjY4NDl8MHwxfHNlYXJjaHw2M3x8cGVyc29ufGVufDB8fHx8MTYzNDE4NjUwOQ&ixlib=rb-1.2.1&q=80&w=400,1,7
https://images.unsplash.com/photo-1512646605205-78422b7c7896?crop=entropy&cs=tinysrgb&fit=max&fm=jpg&ixid=MnwyNjY4NDl8MHwxfHNlYXJjaHw2NHx8cGVyc29ufGVufDB8fHx8MTYzNDE4NjUwOQ&ixlib=rb-1.2.1&q=80&w=400,1,7
https://images.unsplash.com/photo-1506863530036-1efeddceb993?crop=entropy&cs=tinysrgb&fit=max&fm=jpg&ixid=MnwyNjY4NDl8MHwxfHNlYXJjaHw2NXx8cGVyc29ufGVufDB8fHx8MTYzNDE4NjUwOQ&ixlib=rb-1.2.1&q=80&w=400,1,7
https://images.unsplash.com/photo-1596935884413-260a972dab44?crop=entropy&cs=tinysrgb&fit=max&fm=jpg&ixid=MnwyNjY4NDl8MHwxfHNlYXJjaHw2Nnx8cGVyc29ufGVufDB8fHx8MTYzNDE4NjUwOQ&ixlib=rb-1.2.1&q=80&w=400,1,7
https://images.unsplash.com/photo-1531746020798-e6953c6e8e04?crop=entropy&cs=tinysrgb&fit=max&fm=jpg&ixid=MnwyNjY4NDl8MHwxfHNlYXJjaHw2N3x8cGVyc29ufGVufDB8fHx8MTYzNDE4NjUwOQ&ixlib=rb-1.2.1&q=80&w=400,1,7
https://images.unsplash.com/photo-1506468203959-a06c860af8f0?crop=entropy&cs=tinysrgb&fit=max&fm=jpg&ixid=MnwyNjY4NDl8MHwxfHNlYXJjaHw2OHx8cGVyc29ufGVufDB8fHx8MTYzNDE4NjUwOQ&ixlib=rb-1.2.1&q=80&w=400,1,7
https://images.unsplash.com/photo-1592124549776-a7f0cc973b24?crop=entropy&cs=tinysrgb&fit=max&fm=jpg&ixid=MnwyNjY4NDl8MHwxfHNlYXJjaHw2OXx8cGVyc29ufGVufDB8fHx8MTYzNDE4NjUwOQ&ixlib=rb-1.2.1&q=80&w=400,1,8
https://images.unsplash.com/photo-1600481453173-55f6a844a4ea?crop=entropy&cs=tinysrgb&fit=max&fm=jpg&ixid=MnwyNjY4NDl8MHwxfHNlYXJjaHw3MHx8cGVyc29ufGVufDB8fHx8MTYzNDE4NjUwOQ&ixlib=rb-1.2.1&q=80&w=400,1,8
https://images.unsplash.com/photo-1534680005367-f383c6f09a0d?crop=entropy&cs=tinysrgb&fit=max&fm=jpg&ixid=MnwyNjY4NDl8MHwxfHNlYXJjaHw3MXx8cGVyc29ufGVufDB8fHx8MTYzNDE4NjUwOQ&ixlib=rb-1.2.1&q=80&w=400,1,8
https://images.unsplash.com/photo-1587221952075-4fc3bc050503?crop=entropy&cs=tinysrgb&fit=max&fm=jpg&ixid=MnwyNjY4NDl8MHwxfHNlYXJjaHw3Mnx8cGVyc29ufGVufDB8fHx8MTYzNDE4NjUwOQ&ixlib=rb-1.2.1&q=80&w=400,1,8
https://images.unsplash.com/photo-1502791451862-7bd8c1df43a7?crop=entropy&cs=tinysrgb&fit=max&fm=jpg&ixid=MnwyNjY4NDl8MHwxfHNlYXJjaHw3M3x8cGVyc29ufGVufDB8fHx8MTYzNDE4NjUwOQ&ixlib=rb-1.2.1&q=80&w=400,1,8
https://images.unsplash.com/photo-1615473967657-9dc21773daa3?crop=entropy&cs=tinysrgb&fit=max&fm=jpg&ixid=MnwyNjY4NDl8MHwxfHNlYXJjaHw3NHx8cGVyc29ufGVufDB8fHx8MTYzNDE4NjUwOQ&ixlib=rb-1.2.1&q=80&w=400,1,8
https://images.unsplash.com/photo-1548536904-f6660b76e77a?crop=entropy&cs=tinysrgb&fit=max&fm=jpg&ixid=MnwyNjY4NDl8MHwxfHNlYXJjaHw3NXx8cGVyc29ufGVufDB8fHx8MTYzNDE4NjUwOQ&ixlib=rb-1.2.1&q=80&w=400,1,8
https://images.unsplash.com/photo-1614375516536-ee3b08717d3b?crop=entropy&cs=tinysrgb&fit=max&fm=jpg&ixid=MnwyNjY4NDl8MHwxfHNlYXJjaHw3Nnx8cGVyc29ufGVufDB8fHx8MTYzNDE4NjUwOQ&ixlib=rb-1.2.1&q=80&w=400,1,8
https://images.unsplash.com/photo-1532074205216-d0e1f4b87368?crop=entropy&cs=tinysrgb&fit=max&fm=jpg&ixid=MnwyNjY4NDl8MHwxfHNlYXJjaHw3N3x8cGVyc29ufGVufDB8fHx8MTYzNDE4NjUwOQ&ixlib=rb-1.2.1&q=80&w=400,1,8
https://images.unsplash.com/photo-1584361853901-dd1904bb7987?crop=entropy&cs=tinysrgb&fit=max&fm=jpg&ixid=MnwyNjY4NDl8MHwxfHNlYXJjaHw3OHx8cGVyc29ufGVufDB8fHx8MTYzNDE4NjUwOQ&ixlib=rb-1.2.1&q=80&w=400,1,8
https://images.unsplash.com/photo-1618835962148-cf177563c6c0?crop=entropy&cs=tinysrgb&fit=max&fm=jpg&ixid=MnwyNjY4NDl8MHwxfHNlYXJjaHw3OXx8cGVyc29ufGVufDB8fHx8MTYzNDE4NjUwOQ&ixlib=rb-1.2.1&q=80&w=400,1,9
https://images.unsplash.com/photo-1504899567410-7501a313cadd?crop=entropy&cs=tinysrgb&fit=max&fm=jpg&ixid=MnwyNjY4NDl8MHwxfHNlYXJjaHw4MHx8cGVyc29ufGVufDB8fHx8MTYzNDE4NjUwOQ&ixlib=rb-1.2.1&q=80&w=400,1,9
https://images.unsplash.com/photo-1604426633861-11b2faead63c?crop=entropy&cs=tinysrgb&fit=max&fm=jpg&ixid=MnwyNjY4NDl8MHwxfHNlYXJjaHw4MXx8cGVyc29ufGVufDB8fHx8MTYzNDE4NjUxMA&ixlib=rb-1.2.1&q=80&w=400,1,9
https://images.unsplash.com/photo-1525875975471-999f65706a10?crop=entropy&cs=tinysrgb&fit=max&fm=jpg&ixid=MnwyNjY4NDl8MHwxfHNlYXJjaHw4Mnx8cGVyc29ufGVufDB8fHx8MTYzNDE4NjUxMA&ixlib=rb-1.2.1&q=80&w=400,1,9
https://images.unsplash.com/photo-1608932931398-80f38fc81740?crop=entropy&cs=tinysrgb&fit=max&fm=jpg&ixid=MnwyNjY4NDl8MHwxfHNlYXJjaHw4M3x8cGVyc29ufGVufDB8fHx8MTYzNDE4NjUxMA&ixlib=rb-1.2.1&q=80&w=400,1,9
https://images.unsplash.com/photo-1531123897727-8f129e1688ce?crop=entropy&cs=tinysrgb&fit=max&fm=jpg&ixid=MnwyNjY4NDl8MHwxfHNlYXJjaHw4NHx8cGVyc29ufGVufDB8fHx8MTYzNDE4NjUxMA&ixlib=rb-1.2.1&q=80&w=400,1,9
https://images.unsplash.com/photo-1502823403499-6ccfcf4fb453?crop=entropy&cs=tinysrgb&fit=max&fm=jpg&ixid=MnwyNjY4NDl8MHwxfHNlYXJjaHw4NXx8cGVyc29ufGVufDB8fHx8MTYzNDE4NjUxMA&ixlib=rb-1.2.1&q=80&w=400,1,9
https://images.unsplash.com/photo-1529675804080-e12a8d5cef9b?crop=entropy&cs=tinysrgb&fit=max&fm=jpg&ixid=MnwyNjY4NDl8MHwxfHNlYXJjaHw4Nnx8cGVyc29ufGVufDB8fHx8MTYzNDE4NjUxMA&ixlib=rb-1.2.1&q=80&w=400,1,9
https://images.unsplash.com/photo-1574108233269-86d1199d28de?crop=entropy&cs=tinysrgb&fit=max&fm=jpg&ixid=MnwyNjY4NDl8MHwxfHNlYXJjaHw4N3x8cGVyc29ufGVufDB8fHx8MTYzNDE4NjUxMA&ixlib=rb-1.2.1&q=80&w=400,1,9
https://images.unsplash.com/photo-1618284554746-71a7b3e923c6?crop=entropy&cs=tinysrgb&fit=max&fm=jpg&ixid=MnwyNjY4NDl8MHwxfHNlYXJjaHw4OHx8cGVyc29ufGVufDB8fHx8MTYzNDE4NjUxMA&ixlib=rb-1.2.1&q=80&w=400,1,9
https://images.unsplash.com/photo-1602184572201-89c7deeddf3c?crop=entropy&cs=tinysrgb&fit=max&fm=jpg&ixid=MnwyNjY4NDl8MHwxfHNlYXJjaHw4OXx8cGVyc29ufGVufDB8fHx8MTYzNDE4NjUxMA&ixlib=rb-1.2.1&q=80&w=400,1,10
https://images.unsplash.com/photo-1492546662075-aabebf46dee2?crop=entropy&cs=tinysrgb&fit=max&fm=jpg&ixid=MnwyNjY4NDl8MHwxfHNlYXJjaHw5MHx8cGVyc29ufGVufDB8fHx8MTYzNDE4NjUxMA&ixlib=rb-1.2.1&q=80&w=400,1,10
https://images.unsplash.com/photo-1541647376583-8934aaf3448a?crop=entropy&cs=tinysrgb&fit=max&fm=jpg&ixid=MnwyNjY4NDl8MHwxfHNlYXJjaHw5MXx8cGVyc29ufGVufDB8fHx8MTYzNDE4NjUxMA&ixlib=rb-1.2.1&q=80&w=400,1,10
https://images.unsplash.com/photo-1619694770795-e21c58464159?crop=entropy&cs=tinysrgb&fit=max&fm=jpg&ixid=MnwyNjY4NDl8MHwxfHNlYXJjaHw5Mnx8cGVyc29ufGVufDB8fHx8MTYzNDE4NjUxMA&ixlib=rb-1.2.1&q=80&w=400,1,10
https://images.unsplash.com/photo-1535207010348-71e47296838a?crop=entropy&cs=tinysrgb&fit=max&fm=jpg&ixid=MnwyNjY4NDl8MHwxfHNlYXJjaHw5M3x8cGVyc29ufGVufDB8fHx8MTYzNDE4NjUxMA&ixlib=rb-1.2.1&q=80&w=400,1,10
https://images.unsplash.com/photo-1593207129063-c99ebcf14ea4?crop=entropy&cs=tinysrgb&fit=max&fm=jpg&ixid=MnwyNjY4NDl8MHwxfHNlYXJjaHw5NHx8cGVyc29ufGVufDB8fHx8MTYzNDE4NjUxMA&ixlib=rb-1.2.1&q=80&w=400,1,10
https://images.unsplash.com/photo-1492567291473-fe3dfc175b45?crop=entropy&cs=tinysrgb&fit=max&fm=jpg&ixid=MnwyNjY4NDl8MHwxfHNlYXJjaHw5NXx8cGVyc29ufGVufDB8fHx8MTYzNDE4NjUxMA&ixlib=rb-1.2.1&q=80&w=400,1,10
https://images.unsplash.com/photo-1548280684-8c051518e195?crop=entropy&cs=tinysrgb&fit=max&fm=jpg&ixid=MnwyNjY4NDl8MHwxfHNlYXJjaHw5Nnx8cGVyc29ufGVufDB8fHx8MTYzNDE4NjUxMA&ixlib=rb-1.2.1&q=80&w=400,1,10
https://images.unsplash.com/photo-1567186937675-a5131c8a89ea?crop=entropy&cs=tinysrgb&fit=max&fm=jpg&ixid=MnwyNjY4NDl8MHwxfHNlYXJjaHw5N3x8cGVyc29ufGVufDB8fHx8MTYzNDE4NjUxMA&ixlib=rb-1.2.1&q=80&w=400,1,10
https://images.unsplash.com/photo-1616065298043-67646192dcb5?crop=entropy&cs=tinysrgb&fit=max&fm=jpg&ixid=MnwyNjY4NDl8MHwxfHNlYXJjaHw5OHx8cGVyc29ufGVufDB8fHx8MTYzNDE4NjUxMA&ixlib=rb-1.2.1&q=80&w=400,1,10
https://images.unsplash.com/photo-1596813362035-3edcff0c2487?crop=entropy&cs=tinysrgb&fit=max&fm=jpg&ixid=MnwyNjY4NDl8MHwxfHNlYXJjaHw5OXx8cGVyc29ufGVufDB8fHx8MTYzNDE4NjUxMA&ixlib=rb-1.2.1&q=80&w=400,1,11
https://images.unsplash.com/photo-1602361602799-ebe8ce60ec2c?crop=entropy&cs=tinysrgb&fit=max&fm=jpg&ixid=MnwyNjY4NDl8MHwxfHNlYXJjaHwxMDB8fHBlcnNvbnxlbnwwfHx8fDE2MzQxODY1MTA&ixlib=rb-1.2.1&q=80&w=400,1,11
https://images.unsplash.com/photo-1614880353165-e56fac2ea9a8?crop=entropy&cs=tinysrgb&fit=max&fm=jpg&ixid=MnwyNjY4NDl8MHwxfHNlYXJjaHwxMDF8fHBlcnNvbnxlbnwwfHx8fDE2MzQxODY1MTE&ixlib=rb-1.2.1&q=80&w=400,1,11
https://images.unsplash.com/photo-1560365163-3e8d64e762ef?crop=entropy&cs=tinysrgb&fit=max&fm=jpg&ixid=MnwyNjY4NDl8MHwxfHNlYXJjaHwxMDJ8fHBlcnNvbnxlbnwwfHx8fDE2MzQxODY1MTE&ixlib=rb-1.2.1&q=80&w=400,1,11
https://images.unsplash.com/photo-1614709444769-e9443393fca6?crop=entropy&cs=tinysrgb&fit=max&fm=jpg&ixid=MnwyNjY4NDl8MHwxfHNlYXJjaHwxMDN8fHBlcnNvbnxlbnwwfHx8fDE2MzQxODY1MTE&ixlib=rb-1.2.1&q=80&w=400,1,11
https://images.unsplash.com/photo-1542909168-82c3e7fdca5c?crop=entropy&cs=tinysrgb&fit=max&fm=jpg&ixid=MnwyNjY4NDl8MHwxfHNlYXJjaHwxMDR8fHBlcnNvbnxlbnwwfHx8fDE2MzQxODY1MTE&ixlib=rb-1.2.1&q=80&w=400,1,11
https://images.unsplash.com/photo-1543357480-c60d40007a3f?crop=entropy&cs=tinysrgb&fit=max&fm=jpg&ixid=MnwyNjY4NDl8MHwxfHNlYXJjaHwxMDV8fHBlcnNvbnxlbnwwfHx8fDE2MzQxODY1MTE&ixlib=rb-1.2.1&q=80&w=400,1,11
https://images.unsplash.com/photo-1571224736519-7073ed9ef8e7?crop=entropy&cs=tinysrgb&fit=max&fm=jpg&ixid=MnwyNjY4NDl8MHwxfHNlYXJjaHwxMDZ8fHBlcnNvbnxlbnwwfHx8fDE2MzQxODY1MTE&ixlib=rb-1.2.1&q=80&w=400,1,11
https://images.unsplash.com/photo-1528906135732-bd140f2769d8?crop=entropy&cs=tinysrgb&fit=max&fm=jpg&ixid=MnwyNjY4NDl8MHwxfHNlYXJjaHwxMDd8fHBlcnNvbnxlbnwwfHx8fDE2MzQxODY1MTE&ixlib=rb-1.2.1&q=80&w=400,1,11
https://images.unsplash.com/photo-1474176857210-7287d38d27c6?crop=entropy&cs=tinysrgb&fit=max&fm=jpg&ixid=MnwyNjY4NDl8MHwxfHNlYXJjaHwxMDh8fHBlcnNvbnxlbnwwfHx8fDE2MzQxODY1MTE&ixlib=rb-1.2.1&q=80&w=400,1,11
https://images.unsplash.com/photo-1526510747491-58f928ec870f?crop=entropy&cs=tinysrgb&fit=max&fm=jpg&ixid=MnwyNjY4NDl8MHwxfHNlYXJjaHwxMDl8fHBlcnNvbnxlbnwwfHx8fDE2MzQxODY1MTE&ixlib=rb-1.2.1&q=80&w=400,1,12
https://images.unsplash.com/photo-1589696485114-9e2f81d83484?crop=entropy&cs=tinysrgb&fit=max&fm=jpg&ixid=MnwyNjY4NDl8MHwxfHNlYXJjaHwxMTB8fHBlcnNvbnxlbnwwfHx8fDE2MzQxODY1MTE&ixlib=rb-1.2.1&q=80&w=400,1,12
https://images.unsplash.com/photo-1592755219588-d4ff92a0d4de?crop=entropy&cs=tinysrgb&fit=max&fm=jpg&ixid=MnwyNjY4NDl8MHwxfHNlYXJjaHwxMTF8fHBlcnNvbnxlbnwwfHx8fDE2MzQxODY1MTE&ixlib=rb-1.2.1&q=80&w=400,1,12
https://images.unsplash.com/photo-1548197001-ca380947be91?crop=entropy&cs=tinysrgb&fit=max&fm=jpg&ixid=MnwyNjY4NDl8MHwxfHNlYXJjaHwxMTJ8fHBlcnNvbnxlbnwwfHx8fDE2MzQxODY1MTE&ixlib=rb-1.2.1&q=80&w=400,1,12
https://images.unsplash.com/photo-1545996124-0501ebae84d0?crop=entropy&cs=tinysrgb&fit=max&fm=jpg&ixid=MnwyNjY4NDl8MHwxfHNlYXJjaHwxMTN8fHBlcnNvbnxlbnwwfHx8fDE2MzQxODY1MTE&ixlib=rb-1.2.1&q=80&w=400,1,12
https://images.unsplash.com/photo-1563584316028-2b70b3a3a8bf?crop=entropy&cs=tinysrgb&fit=max&fm=jpg&ixid=MnwyNjY4NDl8MHwxfHNlYXJjaHwxMTR8fHBlcnNvbnxlbnwwfHx8fDE2MzQxODY1MTE&ixlib=rb-1.2.1&q=80&w=400,1,12
https://images.unsplash.com/photo-1600416998046-23c9b507c2fd?crop=entropy&cs=tinysrgb&fit=max&fm=jpg&ixid=MnwyNjY4NDl8MHwxfHNlYXJjaHwxMTV8fHBlcnNvbnxlbnwwfHx8fDE2MzQxODY1MTE&ixlib=rb-1.2.1&q=80&w=400,1,12
https://images.unsplash.com/photo-1485206412256-701ccc5b93ca?crop=entropy&cs=tinysrgb&fit=max&fm=jpg&ixid=MnwyNjY4NDl8MHwxfHNlYXJjaHwxMTZ8fHBlcnNvbnxlbnwwfHx8fDE2MzQxODY1MTE&ixlib=rb-1.2.1&q=80&w=400,1,12
https://images.unsplash.com/photo-1586367751368-99141fd186a0?crop=entropy&cs=tinysrgb&fit=max&fm=jpg&ixid=MnwyNjY4NDl8MHwxfHNlYXJjaHwxMTd8fHBlcnNvbnxlbnwwfHx8fDE2MzQxODY1MTE&ixlib=rb-1.2.1&q=80&w=400,1,12
https://images.unsplash.com/photo-1469395013119-ca3b424d83e5?crop=entropy&cs=tinysrgb&fit=max&fm=jpg&ixid=MnwyNjY4NDl8MHwxfHNlYXJjaHwxMTh8fHBlcnNvbnxlbnwwfHx8fDE2MzQxODY1MTE&ixlib=rb-1.2.1&q=80&w=400,1,12
https://images.unsplash.com/photo-1563620915-8478239e9aab?crop=entropy&cs=tinysrgb&fit=max&fm=jpg&ixid=MnwyNjY4NDl8MHwxfHNlYXJjaHwxMTl8fHBlcnNvbnxlbnwwfHx8fDE2MzQxODY1MTE&ixlib=rb-1.2.1&q=80&w=400,1,13
https://images.unsplash.com/photo-1526762204623-2d89f4ab1a09?crop=entropy&cs=tinysrgb&fit=max&fm=jpg&ixid=MnwyNjY4NDl8MHwxfHNlYXJjaHwxMjB8fHBlcnNvbnxlbnwwfHx8fDE2MzQxODY1MTE&ixlib=rb-1.2.1&q=80&w=400,1,13
https://images.unsplash.com/photo-1587812861198-6dfd6eec28f6?crop=entropy&cs=tinysrgb&fit=max&fm=jpg&ixid=MnwyNjY4NDl8MHwxfHNlYXJjaHwxMjF8fHBlcnNvbnxlbnwwfHx8fDE2MzQxODY1MTE&ixlib=rb-1.2.1&q=80&w=400,1,13
https://images.unsplash.com/photo-1561406636-b80293969660?crop=entropy&cs=tinysrgb&fit=max&fm=jpg&ixid=MnwyNjY4NDl8MHwxfHNlYXJjaHwxMjJ8fHBlcnNvbnxlbnwwfHx8fDE2MzQxODY1MTE&ixlib=rb-1.2.1&q=80&w=400,1,13
https://images.unsplash.com/photo-1568046866607-812203f31d41?crop=entropy&cs=tinysrgb&fit=max&fm=jpg&ixid=MnwyNjY4NDl8MHwxfHNlYXJjaHwxMjN8fHBlcnNvbnxlbnwwfHx8fDE2MzQxODY1MTE&ixlib=rb-1.2.1&q=80&w=400,1,13
https://images.unsplash.com/photo-1551349709-72e233ecc05f?crop=entropy&cs=tinysrgb&fit=max&fm=jpg&ixid=MnwyNjY4NDl8MHwxfHNlYXJjaHwxMjR8fHBlcnNvbnxlbnwwfHx8fDE2MzQxODY1MTE&ixlib=rb-1.2.1&q=80&w=400,1,13
https://images.unsplash.com/photo-1579591919791-0e3737ae3808?crop=entropy&cs=tinysrgb&fit=max&fm=jpg&ixid=MnwyNjY4NDl8MHwxfHNlYXJjaHwxMjV8fHBlcnNvbnxlbnwwfHx8fDE2MzQxODY1MTE&ixlib=rb-1.2.1&q=80&w=400,1,13
https://images.unsplash.com/photo-1599256621730-535171e28e50?crop=entropy&cs=tinysrgb&fit=max&fm=jpg&ixid=MnwyNjY4NDl8MHwxfHNlYXJjaHwxMjZ8fHBlcnNvbnxlbnwwfHx8fDE2MzQxODY1MTE&ixlib=rb-1.2.1&q=80&w=400,1,13
https://images.unsplash.com/photo-1548544149-4835e62ee5b3?crop=entropy&cs=tinysrgb&fit=max&fm=jpg&ixid=MnwyNjY4NDl8MHwxfHNlYXJjaHwxMjd8fHBlcnNvbnxlbnwwfHx8fDE2MzQxODY1MTE&ixlib=rb-1.2.1&q=80&w=400,1,13
https://images.unsplash.com/photo-1539698103494-a76dd0436fbc?crop=entropy&cs=tinysrgb&fit=max&fm=jpg&ixid=MnwyNjY4NDl8MHwxfHNlYXJjaHwxMjh8fHBlcnNvbnxlbnwwfHx8fDE2MzQxODY1MTE&ixlib=rb-1.2.1&q=80&w=400,1,13
https://images.unsplash.com/photo-1596815074853-84c4949c5b58?crop=entropy&cs=tinysrgb&fit=max&fm=jpg&ixid=MnwyNjY4NDl8MHwxfHNlYXJjaHwxMjl8fHBlcnNvbnxlbnwwfHx8fDE2MzQxODY1MTE&ixlib=rb-1.2.1&q=80&w=400,1,14
https://images.unsplash.com/photo-1558369553-4064d2f362db?crop=entropy&cs=tinysrgb&fit=max&fm=jpg&ixid=MnwyNjY4NDl8MHwxfHNlYXJjaHwxMzB8fHBlcnNvbnxlbnwwfHx8fDE2MzQxODY1MTE&ixlib=rb-1.2.1&q=80&w=400,1,14
https://images.unsplash.com/photo-1438761681033-6461ffad8d80?crop=entropy&cs=tinysrgb&fit=max&fm=jpg&ixid=MnwyNjY4NDl8MHwxfHNlYXJjaHwxfHxwZXJzb258ZW58MHx8fHwxNjM0MTg2NTA2&ixlib=rb-1.2.1&q=80&w=400,2,1
https://images.unsplash.com/flagged/photo-1570612861542-284f4c12e75f?crop=entropy&cs=tinysrgb&fit=max&fm=jpg&ixid=MnwyNjY4NDl8MHwxfHNlYXJjaHwyfHxwZXJzb258ZW58MHx8fHwxNjM0MTg2NTA2&ixlib=rb-1.2.1&q=80&w=400,2,1
https://images.unsplash.com/photo-1547425260-76bcadfb4f2c?crop=entropy&cs=tinysrgb&fit=max&fm=jpg&ixid=MnwyNjY4NDl8MHwxfHNlYXJjaHwzfHxwZXJzb258ZW58MHx8fHwxNjM0MTg2NTA2&ixlib=rb-1.2.1&q=80&w=400,2,1
https://images.unsplash.com/photo-1544005313-94ddf0286df2?crop=entropy&cs=tinysrgb&fit=max&fm=jpg&ixid=MnwyNjY4NDl8MHwxfHNlYXJjaHw0fHxwZXJzb258ZW58MHx8fHwxNjM0MTg2NTA2&ixlib=rb-1.2.1&q=80&w=400,2,1
https://images.unsplash.com/photo-1506748686214-e9df14d4d9d0?crop=entropy&cs=tinysrgb&fit=max&fm=jpg&ixid=MnwyNjY4NDl8MHwxfHNlYXJjaHw1fHxwZXJzb258ZW58MHx8fHwxNjM0MTg2NTA2&ixlib=rb-1.2.1&q=80&w=400,2,1
https://images.unsplash.com/photo-1552058544-f2b08422138a?crop=entropy&cs=tinysrgb&fit=max&fm=jpg&ixid=MnwyNjY4NDl8MHwxfHNlYXJjaHw2fHxwZXJzb258ZW58MHx8fHwxNjM0MTg2NTA2&ixlib=rb-1.2.1&q=80&w=400,2,1
https://images.unsplash.com/photo-1554151228-14d9def656e4?crop=entropy&cs=tinysrgb&fit=max&fm=jpg&ixid=MnwyNjY4NDl8MHwxfHNlYXJjaHw3fHxwZXJzb258ZW58MHx8fHwxNjM0MTg2NTA2&ixlib=rb-1.2.1&q=80&w=400,2,1
https://images.unsplash.com/photo-1492681290082-e932832941e6?crop=entropy&cs=tinysrgb&fit=max&fm=jpg&ixid=MnwyNjY4NDl8MHwxfHNlYXJjaHw4fHxwZXJzb258ZW58MHx8fHwxNjM0MTg2NTA2&ixlib=rb-1.2.1&q=80&w=400,2,1
https://images.unsplash.com/photo-1473830394358-91588751b241?crop=entropy&cs=tinysrgb&fit=max&fm=jpg&ixid=MnwyNjY4NDl8MHwxfHNlYXJjaHw5fHxwZXJzb258ZW58MHx8fHwxNjM0MTg2NTA2&ixlib=rb-1.2.1&q=80&w=400,2,2
https://images.unsplash.com/photo-1491349174775-aaafddd81942?crop=entropy&cs=tinysrgb&fit=max&fm=jpg&ixid=MnwyNjY4NDl8MHwxfHNlYXJjaHwxMHx8cGVyc29ufGVufDB8fHx8MTYzNDE4NjUwNg&ixlib=rb-1.2.1&q=80&w=400,2,2
https://images.unsplash.com/photo-1494959764136-6be9eb3c261e?crop=entropy&cs=tinysrgb&fit=max&fm=jpg&ixid=MnwyNjY4NDl8MHwxfHNlYXJjaHwxMXx8cGVyc29ufGVufDB8fHx8MTYzNDE4NjUwNw&ixlib=rb-1.2.1&q=80&w=400,2,2
https://images.unsplash.com/photo-1499952127939-9bbf5af6c51c?crop=entropy&cs=tinysrgb&fit=max&fm=jpg&ixid=MnwyNjY4NDl8MHwxfHNlYXJjaHwxMnx8cGVyc29ufGVufDB8fHx8MTYzNDE4NjUwNw&ixlib=rb-1.2.1&q=80&w=400,2,2
https://images.unsplash.com/photo-1500048993953-d23a436266cf?crop=entropy&cs=tinysrgb&fit=max&fm=jpg&ixid=MnwyNjY4NDl8MHwxfHNlYXJjaHwxM3x8cGVyc29ufGVufDB8fHx8MTYzNDE4NjUwNw&ixlib=rb-1.2.1&q=80&w=400,2,2
https://images.unsplash.com/photo-1504593811423-6dd665756598?crop=entropy&cs=tinysrgb&fit=max&fm=jpg&ixid=MnwyNjY4NDl8MHwxfHNlYXJjaHwxNHx8cGVyc29ufGVufDB8fHx8MTYzNDE4NjUwNw&ixlib=rb-1.2.1&q=80&w=400,2,2
https://images.unsplash.com/photo-1496302662116-35cc4f36df92?crop=entropy&cs=tinysrgb&fit=max&fm=jpg&ixid=MnwyNjY4NDl8MHwxfHNlYXJjaHwxNXx8cGVyc29ufGVufDB8fHx8MTYzNDE4NjUwNw&ixlib=rb-1.2.1&q=80&w=400,2,2
https://images.unsplash.com/photo-1500259783852-0ca9ce8a64dc?crop=entropy&cs=tinysrgb&fit=max&fm=jpg&ixid=MnwyNjY4NDl8MHwxfHNlYXJjaHwxNnx8cGVyc29ufGVufDB8fHx8MTYzNDE4NjUwNw&ixlib=rb-1.2.1&q=80&w=400,2,2
https://images.unsplash.com/photo-1499482125586-91609c0b5fd4?crop=entropy&cs=tinysrgb&fit=max&fm=jpg&ixid=MnwyNjY4NDl8MHwxfHNlYXJjaHwxN3x8cGVyc29ufGVufDB8fHx8MTYzNDE4NjUwNw&ixlib=rb-1.2.1&q=80&w=400,2,2
https://images.unsplash.com/photo-1581456495146-65a71b2c8e52?crop=entropy&cs=tinysrgb&fit=max&fm=jpg&ixid=MnwyNjY4NDl8MHwxfHNlYXJjaHwxOHx8cGVyc29ufGVufDB8fHx8MTYzNDE4NjUwNw&ixlib=rb-1.2.1&q=80&w=400,2,2
https://images.unsplash.com/photo-1491609154219-ffd3ffafd992?crop=entropy&cs=tinysrgb&fit=max&fm=jpg&ixid=MnwyNjY4NDl8MHwxfHNlYXJjaHwxOXx8cGVyc29ufGVufDB8fHx8MTYzNDE4NjUwNw&ixlib=rb-1.2.1&q=80&w=400,2,3
https://images.unsplash.com/photo-1503249023995-51b0f3778ccf?crop=entropy&cs=tinysrgb&fit=max&fm=jpg&ixid=MnwyNjY4NDl8MHwxfHNlYXJjaHwyMHx8cGVyc29ufGVufDB8fHx8MTYzNDE4NjUwNw&ixlib=rb-1.2.1&q=80&w=400,2,3
https://images.unsplash.com/photo-1573140247632-f8fd74997d5c?crop=entropy&cs=tinysrgb&fit=max&fm=jpg&ixid=MnwyNjY4NDl8MHwxfHNlYXJjaHwyMXx8cGVyc29ufGVufDB8fHx8MTYzNDE4NjUwNw&ixlib=rb-1.2.1&q=80&w=400,2,3
https://images.unsplash.com/photo-1542206395-9feb3edaa68d?crop=entropy&cs=tinysrgb&fit=max&fm=jpg&ixid=MnwyNjY4NDl8MHwxfHNlYXJjaHwyMnx8cGVyc29ufGVufDB8fHx8MTYzNDE4NjUwNw&ixlib=rb-1.2.1&q=80&w=400,2,3
https://images.unsplash.com/photo-1555952517-2e8e729e0b44?crop=entropy&cs=tinysrgb&fit=max&fm=jpg&ixid=MnwyNjY4NDl8MHwxfHNlYXJjaHwyM3x8cGVyc29ufGVufDB8fHx8MTYzNDE4NjUwNw&ixlib=rb-1.2.1&q=80&w=400,2,3
https://images.unsplash.com/photo-1593104547489-5cfb3839a3b5?crop=entropy&cs=tinysrgb&fit=max&fm=jpg&ixid=MnwyNjY4NDl8MHwxfHNlYXJjaHwyNHx8cGVyc29ufGVufDB8fHx8MTYzNDE4NjUwNw&ixlib=rb-1.2.1&q=80&w=400,2,3
https://images.unsplash.com/photo-1515191107209-c28698631303?crop=entropy&cs=tinysrgb&fit=max&fm=jpg&ixid=MnwyNjY4NDl8MHwxfHNlYXJjaHwyNXx8cGVyc29ufGVufDB8fHx8MTYzNDE4NjUwNw&ixlib=rb-1.2.1&q=80&w=400,2,3
https://images.unsplash.com/photo-1599566150163-29194dcaad36?crop=entropy&cs=tinysrgb&fit=max&fm=jpg&ixid=MnwyNjY4NDl8MHwxfHNlYXJjaHwyNnx8cGVyc29ufGVufDB8fHx8MTYzNDE4NjUwNw&ixlib=rb-1.2.1&q=80&w=400,2,3
https://images.unsplash.com/photo-1493863641943-9b68992a8d07?crop=entropy&cs=tinysrgb&fit=max&fm=jpg&ixid=MnwyNjY4NDl8MHwxfHNlYXJjaHwyN3x8cGVyc29ufGVufDB8fHx8MTYzNDE4NjUwNw&ixlib=rb-1.2.1&q=80&w=400,2,3
https://images.unsplash.com/photo-1494708001911-679f5d15a946?crop=entropy&cs=tinysrgb&fit=max&fm=jpg&ixid=MnwyNjY4NDl8MHwxfHNlYXJjaHwyOHx8cGVyc29ufGVufDB8fHx8MTYzNDE4NjUwNw&ixlib=rb-1.2.1&q=80&w=400,2,3
https://images.unsplash.com/photo-1497021707778-a743a0bb2961?crop=entropy&cs=tinysrgb&fit=max&fm=jpg&ixid=MnwyNjY4NDl8MHwxfHNlYXJjaHwyOXx8cGVyc29ufGVufDB8fHx8MTYzNDE4NjUwNw&ixlib=rb-1.2.1&q=80&w=400,2,4
https://images.unsplash.com/photo-1589571894960-20bbe2828d0a?crop=entropy&cs=tinysrgb&fit=max&fm=jpg&ixid=MnwyNjY4NDl8MHwxfHNlYXJjaHwzMHx8cGVyc29ufGVufDB8fHx8MTYzNDE4NjUwNw&ixlib=rb-1.2.1&q=80&w=400,2,4
https://images.unsplash.com/photo-1596215143922-eedeaba0d91c?crop=entropy&cs=tinysrgb&fit=max&fm=jpg&ixid=MnwyNjY4NDl8MHwxfHNlYXJjaHwzMXx8cGVyc29ufGVufDB8fHx8MTYzNDE4NjUwOA&ixlib=rb-1.2.1&q=80&w=400,2,4
https://images.unsplash.com/photo-1542383133-359c93195a9d?crop=entropy&cs=tinysrgb&fit=max&fm=jpg&ixid=MnwyNjY4NDl8MHwxfHNlYXJjaHwzMnx8cGVyc29ufGVufDB8fHx8MTYzNDE4NjUwOA&ixlib=rb-1.2.1&q=80&w=400,2,4
https://images.unsplash.com/photo-1580489944761-15a19d654956?crop=entropy&cs=tinysrgb&fit=max&fm=jpg&ixid=MnwyNjY4NDl8MHwxfHNlYXJjaHwzM3x8cGVyc29ufGVufDB8fHx8MTYzNDE4NjUwOA&ixlib=rb-1.2.1&q=80&w=400,2,4
https://images.unsplash.com/photo-1569124589354-615739ae007b?crop=entropy&cs=tinysrgb&fit=max&fm=jpg&ixid=MnwyNjY4NDl8MHwxfHNlYXJjaHwzNHx8cGVyc29ufGVufDB8fHx8MTYzNDE4NjUwOA&ixlib=rb-1.2.1&q=80&w=400,2,4
https://images.unsplash.com/photo-1544723795-3fb6469f5b39?crop=entropy&cs=tinysrgb&fit=max&fm=jpg&ixid=MnwyNjY4NDl8MHwxfHNlYXJjaHwzNXx8cGVyc29ufGVufDB8fHx8MTYzNDE4NjUwOA&ixlib=rb-1.2.1&q=80&w=400,2,4
https://images.unsplash.com/photo-1534528741775-53994a69daeb?crop=entropy&cs=tinysrgb&fit=max&fm=jpg&ixid=MnwyNjY4NDl8MHwxfHNlYXJjaHwzNnx8cGVyc29ufGVufDB8fHx8MTYzNDE4NjUwOA&ixlib=rb-1.2.1&q=80&w=400,2,4
https://images.unsplash.com/photo-1540569014015-19a7be504e3a?crop=entropy&cs=tinysrgb&fit=max&fm=jpg&ixid=MnwyNjY4NDl8MHwxfHNlYXJjaHwzN3x8cGVyc29ufGVufDB8fHx8MTYzNDE4NjUwOA&ixlib=rb-1.2.1&q=80&w=400,2,4
https://images.unsplash.com/photo-1506794778202-cad84cf45f1d?crop=entropy&cs=tinysrgb&fit=max&fm=jpg&ixid=MnwyNjY4NDl8MHwxfHNlYXJjaHwzOHx8cGVyc29ufGVufDB8fHx8MTYzNDE4NjUwOA&ixlib=rb-1.2.1&q=80&w=400,2,4
https://images.unsplash.com/photo-1500648767791-00dcc994a43e?crop=entropy&cs=tinysrgb&fit=max&fm=jpg&ixid=MnwyNjY4NDl8MHwxfHNlYXJjaHwzOXx8cGVyc29ufGVufDB8fHx8MTYzNDE4NjUwOA&ixlib=rb-1.2.1&q=80&w=400,2,5
https://images.unsplash.com/photo-1605405748313-a416a1b84491?crop=entropy&cs=tinysrgb&fit=max&fm=jpg&ixid=MnwyNjY4NDl8MHwxfHNlYXJjaHw0MHx8cGVyc29ufGVufDB8fHx8MTYzNDE4NjUwOA&ixlib=rb-1.2.1&q=80&w=400,2,5
https://images.unsplash.com/photo-1615813967515-e1838c1c5116?crop=entropy&cs=tinysrgb&fit=max&fm=jpg&ixid=MnwyNjY4NDl8MHwxfHNlYXJjaHw0MXx8cGVyc29ufGVufDB8fHx8MTYzNDE4NjUwOA&ixlib=rb-1.2.1&q=80&w=400,2,5
https://images.unsplash.com/photo-1519733833087-3b1ceb8d56c5?crop=entropy&cs=tinysrgb&fit=max&fm=jpg&ixid=MnwyNjY4NDl8MHwxfHNlYXJjaHw0Mnx8cGVyc29ufGVufDB8fHx8MTYzNDE4NjUwOA&ixlib=rb-1.2.1&q=80&w=400,2,5
https://images.unsplash.com/photo-1598411072028-c4642d98352c?crop=entropy&cs=tinysrgb&fit=max&fm=jpg&ixid=MnwyNjY4NDl8MHwxfHNlYXJjaHw0M3x8cGVyc29ufGVufDB8fHx8MTYzNDE4NjUwOA&ixlib=rb-1.2.1&q=80&w=400,2,5
https://images.unsplash.com/photo-1494790108377-be9c29b29330?crop=entropy&cs=tinysrgb&fit=max&fm=jpg&ixid=MnwyNjY4NDl8MHwxfHNlYXJjaHw0NHx8cGVyc29ufGVufDB8fHx8MTYzNDE4NjUwOA&ixlib=rb-1.2.1&q=80&w=400,2,5
https://images.unsplash.com/photo-1597586124394-fbd6ef244026?crop=entropy&cs=tinysrgb&fit=max&fm=jpg&ixid=MnwyNjY4NDl8MHwxfHNlYXJjaHw0NXx8cGVyc29ufGVufDB8fHx8MTYzNDE4NjUwOA&ixlib=rb-1.2.1&q=80&w=400,2,5
https://images.unsplash.com/photo-1586459023690-8bda067ff1bf?crop=entropy&cs=tinysrgb&fit=max&fm=jpg&ixid=MnwyNjY4NDl8MHwxfHNlYXJjaHw0Nnx8cGVyc29ufGVufDB8fHx8MTYzNDE4NjUwOA&ixlib=rb-1.2.1&q=80&w=400,2,5
https://images.unsplash.com/photo-1472099645785-5658abf4ff4e?crop=entropy&cs=tinysrgb&fit=max&fm=jpg&ixid=MnwyNjY4NDl8MHwxfHNlYXJjaHw0N3x8cGVyc29ufGVufDB8fHx8MTYzNDE4NjUwOA&ixlib=rb-1.2.1&q=80&w=400,2,5
https://images.unsplash.com/photo-1529626455594-4ff0802cfb7e?crop=entropy&cs=tinysrgb&fit=max&fm=jpg&ixid=MnwyNjY4NDl8MHwxfHNlYXJjaHw0OHx8cGVyc29ufGVufDB8fHx8MTYzNDE4NjUwOA&ixlib=rb-1.2.1&q=80&w=400,2,5
https://images.unsplash.com/photo-1507003211169-0a1dd7228f2d?crop=entropy&cs=tinysrgb&fit=max&fm=jpg&ixid=MnwyNjY4NDl8MHwxfHNlYXJjaHw0OXx8cGVyc29ufGVufDB8fHx8MTYzNDE4NjUwOA&ixlib=rb-1.2.1&q=80&w=400,2,6
https://images.unsplash.com/photo-1545167622-3a6ac756afa4?crop=entropy&cs=tinysrgb&fit=max&fm=jpg&ixid=MnwyNjY4NDl8MHwxfHNlYXJjaHw1MHx8cGVyc29ufGVufDB8fHx8MTYzNDE4NjUwOA&ixlib=rb-1.2.1&q=80&w=400,2,6
https://images.unsplash.com/photo-1549068106-b024baf5062d?crop=entropy&cs=tinysrgb&fit=max&fm=jpg&ixid=MnwyNjY4NDl8MHwxfHNlYXJjaHw1MXx8cGVyc29ufGVufDB8fHx8MTYzNDE4NjUwOQ&ixlib=rb-1.2.1&q=80&w=400,2,6
https://images.unsplash.com/photo-1607346256330-dee7af15f7c5?crop=entropy&cs=tinysrgb&fit=max&fm=jpg&ixid=MnwyNjY4NDl8MHwxfHNlYXJjaHw1Mnx8cGVyc29ufGVufDB8fHx8MTYzNDE4NjUwOQ&ixlib=rb-1.2.1&q=80&w=400,2,6
https://images.unsplash.com/photo-1495216875107-c6c043eb703f?crop=entropy&cs=tinysrgb&fit=max&fm=jpg&ixid=MnwyNjY4NDl8MHwxfHNlYXJjaHw1M3x8cGVyc29ufGVufDB8fHx8MTYzNDE4NjUwOQ&ixlib=rb-1.2.1&q=80&w=400,2,6
https://images.unsplash.com/photo-1533850595620-7b1711221751?crop=entropy&cs=tinysrgb&fit=max&fm=jpg&ixid=MnwyNjY4NDl8MHwxfHNlYXJjaHw1NHx8cGVyc29ufGVufDB8fHx8MTYzNDE4NjUwOQ&ixlib=rb-1.2.1&q=80&w=400,2,6
https://images.unsplash.com/photo-1597223557154-721c1cecc4b0?crop=entropy&cs=tinysrgb&fit=max&fm=jpg&ixid=MnwyNjY4NDl8MHwxfHNlYXJjaHw1NXx8cGVyc29ufGVufDB8fHx8MTYzNDE4NjUwOQ&ixlib=rb-1.2.1&q=80&w=400,2,6
https://images.unsplash.com/photo-1552374196-c4e7ffc6e126?crop=entropy&cs=tinysrgb&fit=max&fm=jpg&ixid=MnwyNjY4NDl8MHwxfHNlYXJjaHw1Nnx8cGVyc29ufGVufDB8fHx8MTYzNDE4NjUwOQ&ixlib=rb-1.2.1&q=80&w=400,2,6
https://images.unsplash.com/photo-1608791952180-79294109d843?crop=entropy&cs=tinysrgb&fit=max&fm=jpg&ixid=MnwyNjY4NDl8MHwxfHNlYXJjaHw1N3x8cGVyc29ufGVufDB8fHx8MTYzNDE4NjUwOQ&ixlib=rb-1.2.1&q=80&w=400,2,6
https://images.unsplash.com/photo-1578916045370-25461e0cf390?crop=entropy&cs=tinysrgb&fit=max&fm=jpg&ixid=MnwyNjY4NDl8MHwxfHNlYXJjaHw1OHx8cGVyc29ufGVufDB8fHx8MTYzNDE4NjUwOQ&ixlib=rb-1.2.1&q=80&w=400,2,6
https://images.unsplash.com/photo-1527203561188-dae1bc1a417f?crop=entropy&cs=tinysrgb&fit=max&fm=jpg&ixid=MnwyNjY4NDl8MHwxfHNlYXJjaHw1OXx8cGVyc29ufGVufDB8fHx8MTYzNDE4NjUwOQ&ixlib=rb-1.2.1&q=80&w=400,2,7
https://images.unsplash.com/photo-1590895340509-793cb98788c9?crop=entropy&cs=tinysrgb&fit=max&fm=jpg&ixid=MnwyNjY4NDl8MHwxfHNlYXJjaHw2MHx8cGVyc29ufGVufDB8fHx8MTYzNDE4NjUwOQ&ixlib=rb-1.2.1&q=80&w=400,2,7
https://images.unsplash.com/photo-1508214751196-bcfd4ca60f91?crop=entropy&cs=tinysrgb&fit=max&fm=jpg&ixid=MnwyNjY4NDl8MHwxfHNlYXJjaHw2MXx8cGVyc29ufGVufDB8fHx8MTYzNDE4NjUwOQ&ixlib=rb-1.2.1&q=80&w=400,2,7
https://images.unsplash.com/photo-1523178089986-5af0e97effb3?crop=entropy&cs=tinysrgb&fit=max&fm=jpg&ixid=MnwyNjY4NDl8MHwxfHNlYXJjaHw2Mnx8cGVyc29ufGVufDB8fHx8MTYzNDE4NjUwOQ&ixlib=rb-1.2.1&q=80&w=400,2,7
https://images.unsplash.com/photo-1524250502761-1ac6f2e30d43?crop=entropy&cs=tinysrgb&fit=max&fm=jpg&ixid=MnwyNjY4NDl8MHwxfHNlYXJjaHw2M3x8cGVyc29ufGVufDB8fHx8MTYzNDE4NjUwOQ&ixlib=rb-1.2.1&q=80&w=400,2,7
https://images.unsplash.com/photo-1512646605205-78422b7c7896?crop=entropy&cs=tinysrgb&fit=max&fm=jpg&ixid=MnwyNjY4NDl8MHwxfHNlYXJjaHw2NHx8cGVyc29ufGVufDB8fHx8MTYzNDE4NjUwOQ&ixlib=rb-1.2.1&q=80&w=400,2,7
https://images.unsplash.com/photo-1506863530036-1efeddceb993?crop=entropy&cs=tinysrgb&fit=max&fm=jpg&ixid=MnwyNjY4NDl8MHwxfHNlYXJjaHw2NXx8cGVyc29ufGVufDB8fHx8MTYzNDE4NjUwOQ&ixlib=rb-1.2.1&q=80&w=400,2,7
https://images.unsplash.com/photo-1596935884413-260a972dab44?crop=entropy&cs=tinysrgb&fit=max&fm=jpg&ixid=MnwyNjY4NDl8MHwxfHNlYXJjaHw2Nnx8cGVyc29ufGVufDB8fHx8MTYzNDE4NjUwOQ&ixlib=rb-1.2.1&q=80&w=400,2,7
https://images.unsplash.com/photo-1531746020798-e6953c6e8e04?crop=entropy&cs=tinysrgb&fit=max&fm=jpg&ixid=MnwyNjY4NDl8MHwxfHNlYXJjaHw2N3x8cGVyc29ufGVufDB8fHx8MTYzNDE4NjUwOQ&ixlib=rb-1.2.1&q=80&w=400,2,7
https://images.unsplash.com/photo-1506468203959-a06c860af8f0?crop=entropy&cs=tinysrgb&fit=max&fm=jpg&ixid=MnwyNjY4NDl8MHwxfHNlYXJjaHw2OHx8cGVyc29ufGVufDB8fHx8MTYzNDE4NjUwOQ&ixlib=rb-1.2.1&q=80&w=400,2,7
https://images.unsplash.com/photo-1592124549776-a7f0cc973b24?crop=entropy&cs=tinysrgb&fit=max&fm=jpg&ixid=MnwyNjY4NDl8MHwxfHNlYXJjaHw2OXx8cGVyc29ufGVufDB8fHx8MTYzNDE4NjUwOQ&ixlib=rb-1.2.1&q=80&w=400,2,8
https://images.unsplash.com/photo-1600481453173-55f6a844a4ea?crop=entropy&cs=tinysrgb&fit=max&fm=jpg&ixid=MnwyNjY4NDl8MHwxfHNlYXJjaHw3MHx8cGVyc29ufGVufDB8fHx8MTYzNDE4NjUwOQ&ixlib=rb-1.2.1&q=80&w=400,2,8
https://images.unsplash.com/photo-1534680005367-f383c6f09a0d?crop=entropy&cs=tinysrgb&fit=max&fm=jpg&ixid=MnwyNjY4NDl8MHwxfHNlYXJjaHw3MXx8cGVyc29ufGVufDB8fHx8MTYzNDE4NjUwOQ&ixlib=rb-1.2.1&q=80&w=400,2,8
https://images.unsplash.com/photo-1587221952075-4fc3bc050503?crop=entropy&cs=tinysrgb&fit=max&fm=jpg&ixid=MnwyNjY4NDl8MHwxfHNlYXJjaHw3Mnx8cGVyc29ufGVufDB8fHx8MTYzNDE4NjUwOQ&ixlib=rb-1.2.1&q=80&w=400,2,8
https://images.unsplash.com/photo-1502791451862-7bd8c1df43a7?crop=entropy&cs=tinysrgb&fit=max&fm=jpg&ixid=MnwyNjY4NDl8MHwxfHNlYXJjaHw3M3x8cGVyc29ufGVufDB8fHx8MTYzNDE4NjUwOQ&ixlib=rb-1.2.1&q=80&w=400,2,8
https://images.unsplash.com/photo-1615473967657-9dc21773daa3?crop=entropy&cs=tinysrgb&fit=max&fm=jpg&ixid=MnwyNjY4NDl8MHwxfHNlYXJjaHw3NHx8cGVyc29ufGVufDB8fHx8MTYzNDE4NjUwOQ&ixlib=rb-1.2.1&q=80&w=400,2,8
https://images.unsplash.com/photo-1548536904-f6660b76e77a?crop=entropy&cs=tinysrgb&fit=max&fm=jpg&ixid=MnwyNjY4NDl8MHwxfHNlYXJjaHw3NXx8cGVyc29ufGVufDB8fHx8MTYzNDE4NjUwOQ&ixlib=rb-1.2.1&q=80&w=400,2,8
https://images.unsplash.com/photo-1614375516536-ee3b08717d3b?crop=entropy&cs=tinysrgb&fit=max&fm=jpg&ixid=MnwyNjY4NDl8MHwxfHNlYXJjaHw3Nnx8cGVyc29ufGVufDB8fHx8MTYzNDE4NjUwOQ&ixlib=rb-1.2.1&q=80&w=400,2,8
https://images.unsplash.com/photo-1532074205216-d0e1f4b87368?crop=entropy&cs=tinysrgb&fit=max&fm=jpg&ixid=MnwyNjY4NDl8MHwxfHNlYXJjaHw3N3x8cGVyc29ufGVufDB8fHx8MTYzNDE4NjUwOQ&ixlib=rb-1.2.1&q=80&w=400,2,8
https://images.unsplash.com/photo-1584361853901-dd1904bb7987?crop=entropy&cs=tinysrgb&fit=max&fm=jpg&ixid=MnwyNjY4NDl8MHwxfHNlYXJjaHw3OHx8cGVyc29ufGVufDB8fHx8MTYzNDE4NjUwOQ&ixlib=rb-1.2.1&q=80&w=400,2,8
https://images.unsplash.com/photo-1618835962148-cf177563c6c0?crop=entropy&cs=tinysrgb&fit=max&fm=jpg&ixid=MnwyNjY4NDl8MHwxfHNlYXJjaHw3OXx8cGVyc29ufGVufDB8fHx8MTYzNDE4NjUwOQ&ixlib=rb-1.2.1&q=80&w=400,2,9
https://images.unsplash.com/photo-1504899567410-7501a313cadd?crop=entropy&cs=tinysrgb&fit=max&fm=jpg&ixid=MnwyNjY4NDl8MHwxfHNlYXJjaHw4MHx8cGVyc29ufGVufDB8fHx8MTYzNDE4NjUwOQ&ixlib=rb-1.2.1&q=80&w=400,2,9
https://images.unsplash.com/photo-1604426633861-11b2faead63c?crop=entropy&cs=tinysrgb&fit=max&fm=jpg&ixid=MnwyNjY4NDl8MHwxfHNlYXJjaHw4MXx8cGVyc29ufGVufDB8fHx8MTYzNDE4NjUxMA&ixlib=rb-1.2.1&q=80&w=400,2,9
https://images.unsplash.com/photo-1525875975471-999f65706a10?crop=entropy&cs=tinysrgb&fit=max&fm=jpg&ixid=MnwyNjY4NDl8MHwxfHNlYXJjaHw4Mnx8cGVyc29ufGVufDB8fHx8MTYzNDE4NjUxMA&ixlib=rb-1.2.1&q=80&w=400,2,9
https://images.unsplash.com/photo-1608932931398-80f38fc81740?crop=entropy&cs=tinysrgb&fit=max&fm=jpg&ixid=MnwyNjY4NDl8MHwxfHNlYXJjaHw4M3x8cGVyc29ufGVufDB8fHx8MTYzNDE4NjUxMA&ixlib=rb-1.2.1&q=80&w=400,2,9
https://images.unsplash.com/photo-1531123897727-8f129e1688ce?crop=entropy&cs=tinysrgb&fit=max&fm=jpg&ixid=MnwyNjY4NDl8MHwxfHNlYXJjaHw4NHx8cGVyc29ufGVufDB8fHx8MTYzNDE4NjUxMA&ixlib=rb-1.2.1&q=80&w=400,2,9
https://images.unsplash.com/photo-1502823403499-6ccfcf4fb453?crop=entropy&cs=tinysrgb&fit=max&fm=jpg&ixid=MnwyNjY4NDl8MHwxfHNlYXJjaHw4NXx8cGVyc29ufGVufDB8fHx8MTYzNDE4NjUxMA&ixlib=rb-1.2.1&q=80&w=400,2,9
https://images.unsplash.com/photo-1529675804080-e12a8d5cef9b?crop=entropy&cs=tinysrgb&fit=max&fm=jpg&ixid=MnwyNjY4NDl8MHwxfHNlYXJjaHw4Nnx8cGVyc29ufGVufDB8fHx8MTYzNDE4NjUxMA&ixlib=rb-1.2.1&q=80&w=400,2,9
https://images.unsplash.com/photo-1574108233269-86d1199d28de?crop=entropy&cs=tinysrgb&fit=max&fm=jpg&ixid=MnwyNjY4NDl8MHwxfHNlYXJjaHw4N3x8cGVyc29ufGVufDB8fHx8MTYzNDE4NjUxMA&ixlib=rb-1.2.1&q=80&w=400,2,9
https://images.unsplash.com/photo-1618284554746-71a7b3e923c6?crop=entropy&cs=tinysrgb&fit=max&fm=jpg&ixid=MnwyNjY4NDl8MHwxfHNlYXJjaHw4OHx8cGVyc29ufGVufDB8fHx8MTYzNDE4NjUxMA&ixlib=rb-1.2.1&q=80&w=400,2,9
https://images.unsplash.com/photo-1602184572201-89c7deeddf3c?crop=entropy&cs=tinysrgb&fit=max&fm=jpg&ixid=MnwyNjY4NDl8MHwxfHNlYXJjaHw4OXx8cGVyc29ufGVufDB8fHx8MTYzNDE4NjUxMA&ixlib=rb-1.2.1&q=80&w=400,2,10
https://images.unsplash.com/photo-1492546662075-aabebf46dee2?crop=entropy&cs=tinysrgb&fit=max&fm=jpg&ixid=MnwyNjY4NDl8MHwxfHNlYXJjaHw5MHx8cGVyc29ufGVufDB8fHx8MTYzNDE4NjUxMA&ixlib=rb-1.2.1&q=80&w=400,2,10
https://images.unsplash.com/photo-1541647376583-8934aaf3448a?crop=entropy&cs=tinysrgb&fit=max&fm=jpg&ixid=MnwyNjY4NDl8MHwxfHNlYXJjaHw5MXx8cGVyc29ufGVufDB8fHx8MTYzNDE4NjUxMA&ixlib=rb-1.2.1&q=80&w=400,2,10
https://images.unsplash.com/photo-1619694770795-e21c58464159?crop=entropy&cs=tinysrgb&fit=max&fm=jpg&ixid=MnwyNjY4NDl8MHwxfHNlYXJjaHw5Mnx8cGVyc29ufGVufDB8fHx8MTYzNDE4NjUxMA&ixlib=rb-1.2.1&q=80&w=400,2,10
https://images.unsplash.com/photo-1535207010348-71e47296838a?crop=entropy&cs=tinysrgb&fit=max&fm=jpg&ixid=MnwyNjY4NDl8MHwxfHNlYXJjaHw5M3x8cGVyc29ufGVufDB8fHx8MTYzNDE4NjUxMA&ixlib=rb-1.2.1&q=80&w=400,2,10
https://images.unsplash.com/photo-1593207129063-c99ebcf14ea4?crop=entropy&cs=tinysrgb&fit=max&fm=jpg&ixid=MnwyNjY4NDl8MHwxfHNlYXJjaHw5NHx8cGVyc29ufGVufDB8fHx8MTYzNDE4NjUxMA&ixlib=rb-1.2.1&q=80&w=400,2,10
https://images.unsplash.com/photo-1492567291473-fe3dfc175b45?crop=entropy&cs=tinysrgb&fit=max&fm=jpg&ixid=MnwyNjY4NDl8MHwxfHNlYXJjaHw5NXx8cGVyc29ufGVufDB8fHx8MTYzNDE4NjUxMA&ixlib=rb-1.2.1&q=80&w=400,2,10
https://images.unsplash.com/photo-1548280684-8c051518e195?crop=entropy&cs=tinysrgb&fit=max&fm=jpg&ixid=MnwyNjY4NDl8MHwxfHNlYXJjaHw5Nnx8cGVyc29ufGVufDB8fHx8MTYzNDE4NjUxMA&ixlib=rb-1.2.1&q=80&w=400,2,10
https://images.unsplash.com/photo-1567186937675-a5131c8a89ea?crop=entropy&cs=tinysrgb&fit=max&fm=jpg&ixid=MnwyNjY4NDl8MHwxfHNlYXJjaHw5N3x8cGVyc29ufGVufDB8fHx8MTYzNDE4NjUxMA&ixlib=rb-1.2.1&q=80&w=400,2,10
https://images.unsplash.com/photo-1616065298043-67646192dcb5?crop=entropy&cs=tinysrgb&fit=max&fm=jpg&ixid=MnwyNjY4NDl8MHwxfHNlYXJjaHw5OHx8cGVyc29ufGVufDB8fHx8MTYzNDE4NjUxMA&ixlib=rb-1.2.1&q=80&w=400,2,10
https://images.unsplash.com/photo-1596813362035-3edcff0c2487?crop=entropy&cs=tinysrgb&fit=max&fm=jpg&ixid=MnwyNjY4NDl8MHwxfHNlYXJjaHw5OXx8cGVyc29ufGVufDB8fHx8MTYzNDE4NjUxMA&ixlib=rb-1.2.1&q=80&w=400,2,1
https://images.unsplash.com/photo-1602361602799-ebe8ce60ec2c?crop=entropy&cs=tinysrgb&fit=max&fm=jpg&ixid=MnwyNjY4NDl8MHwxfHNlYXJjaHwxMDB8fHBlcnNvbnxlbnwwfHx8fDE2MzQxODY1MTA&ixlib=rb-1.2.1&q=80&w=400,2,1
https://images.unsplash.com/photo-1614880353165-e56fac2ea9a8?crop=entropy&cs=tinysrgb&fit=max&fm=jpg&ixid=MnwyNjY4NDl8MHwxfHNlYXJjaHwxMDF8fHBlcnNvbnxlbnwwfHx8fDE2MzQxODY1MTE&ixlib=rb-1.2.1&q=80&w=400,2,1
https://images.unsplash.com/photo-1560365163-3e8d64e762ef?crop=entropy&cs=tinysrgb&fit=max&fm=jpg&ixid=MnwyNjY4NDl8MHwxfHNlYXJjaHwxMDJ8fHBlcnNvbnxlbnwwfHx8fDE2MzQxODY1MTE&ixlib=rb-1.2.1&q=80&w=400,2,1
https://images.unsplash.com/photo-1614709444769-e9443393fca6?crop=entropy&cs=tinysrgb&fit=max&fm=jpg&ixid=MnwyNjY4NDl8MHwxfHNlYXJjaHwxMDN8fHBlcnNvbnxlbnwwfHx8fDE2MzQxODY1MTE&ixlib=rb-1.2.1&q=80&w=400,2,1
https://images.unsplash.com/photo-1542909168-82c3e7fdca5c?crop=entropy&cs=tinysrgb&fit=max&fm=jpg&ixid=MnwyNjY4NDl8MHwxfHNlYXJjaHwxMDR8fHBlcnNvbnxlbnwwfHx8fDE2MzQxODY1MTE&ixlib=rb-1.2.1&q=80&w=400,2,1
https://images.unsplash.com/photo-1543357480-c60d40007a3f?crop=entropy&cs=tinysrgb&fit=max&fm=jpg&ixid=MnwyNjY4NDl8MHwxfHNlYXJjaHwxMDV8fHBlcnNvbnxlbnwwfHx8fDE2MzQxODY1MTE&ixlib=rb-1.2.1&q=80&w=400,2,1
https://images.unsplash.com/photo-1571224736519-7073ed9ef8e7?crop=entropy&cs=tinysrgb&fit=max&fm=jpg&ixid=MnwyNjY4NDl8MHwxfHNlYXJjaHwxMDZ8fHBlcnNvbnxlbnwwfHx8fDE2MzQxODY1MTE&ixlib=rb-1.2.1&q=80&w=400,2,1
https://images.unsplash.com/photo-1528906135732-bd140f2769d8?crop=entropy&cs=tinysrgb&fit=max&fm=jpg&ixid=MnwyNjY4NDl8MHwxfHNlYXJjaHwxMDd8fHBlcnNvbnxlbnwwfHx8fDE2MzQxODY1MTE&ixlib=rb-1.2.1&q=80&w=400,2,1
https://images.unsplash.com/photo-1474176857210-7287d38d27c6?crop=entropy&cs=tinysrgb&fit=max&fm=jpg&ixid=MnwyNjY4NDl8MHwxfHNlYXJjaHwxMDh8fHBlcnNvbnxlbnwwfHx8fDE2MzQxODY1MTE&ixlib=rb-1.2.1&q=80&w=400,2,1
https://images.unsplash.com/photo-1526510747491-58f928ec870f?crop=entropy&cs=tinysrgb&fit=max&fm=jpg&ixid=MnwyNjY4NDl8MHwxfHNlYXJjaHwxMDl8fHBlcnNvbnxlbnwwfHx8fDE2MzQxODY1MTE&ixlib=rb-1.2.1&q=80&w=400,2,2
https://images.unsplash.com/photo-1589696485114-9e2f81d83484?crop=entropy&cs=tinysrgb&fit=max&fm=jpg&ixid=MnwyNjY4NDl8MHwxfHNlYXJjaHwxMTB8fHBlcnNvbnxlbnwwfHx8fDE2MzQxODY1MTE&ixlib=rb-1.2.1&q=80&w=400,2,2
https://images.unsplash.com/photo-1592755219588-d4ff92a0d4de?crop=entropy&cs=tinysrgb&fit=max&fm=jpg&ixid=MnwyNjY4NDl8MHwxfHNlYXJjaHwxMTF8fHBlcnNvbnxlbnwwfHx8fDE2MzQxODY1MTE&ixlib=rb-1.2.1&q=80&w=400,2,1
https://images.unsplash.com/photo-1548197001-ca380947be91?crop=entropy&cs=tinysrgb&fit=max&fm=jpg&ixid=MnwyNjY4NDl8MHwxfHNlYXJjaHwxMTJ8fHBlcnNvbnxlbnwwfHx8fDE2MzQxODY1MTE&ixlib=rb-1.2.1&q=80&w=400,2,2
https://images.unsplash.com/photo-1545996124-0501ebae84d0?crop=entropy&cs=tinysrgb&fit=max&fm=jpg&ixid=MnwyNjY4NDl8MHwxfHNlYXJjaHwxMTN8fHBlcnNvbnxlbnwwfHx8fDE2MzQxODY1MTE&ixlib=rb-1.2.1&q=80&w=400,2,1
https://images.unsplash.com/photo-1563584316028-2b70b3a3a8bf?crop=entropy&cs=tinysrgb&fit=max&fm=jpg&ixid=MnwyNjY4NDl8MHwxfHNlYXJjaHwxMTR8fHBlcnNvbnxlbnwwfHx8fDE2MzQxODY1MTE&ixlib=rb-1.2.1&q=80&w=400,2,2
https://images.unsplash.com/photo-1600416998046-23c9b507c2fd?crop=entropy&cs=tinysrgb&fit=max&fm=jpg&ixid=MnwyNjY4NDl8MHwxfHNlYXJjaHwxMTV8fHBlcnNvbnxlbnwwfHx8fDE2MzQxODY1MTE&ixlib=rb-1.2.1&q=80&w=400,2,2
https://images.unsplash.com/photo-1485206412256-701ccc5b93ca?crop=entropy&cs=tinysrgb&fit=max&fm=jpg&ixid=MnwyNjY4NDl8MHwxfHNlYXJjaHwxMTZ8fHBlcnNvbnxlbnwwfHx8fDE2MzQxODY1MTE&ixlib=rb-1.2.1&q=80&w=400,2,2
https://images.unsplash.com/photo-1586367751368-99141fd186a0?crop=entropy&cs=tinysrgb&fit=max&fm=jpg&ixid=MnwyNjY4NDl8MHwxfHNlYXJjaHwxMTd8fHBlcnNvbnxlbnwwfHx8fDE2MzQxODY1MTE&ixlib=rb-1.2.1&q=80&w=400,2,2
https://images.unsplash.com/photo-1469395013119-ca3b424d83e5?crop=entropy&cs=tinysrgb&fit=max&fm=jpg&ixid=MnwyNjY4NDl8MHwxfHNlYXJjaHwxMTh8fHBlcnNvbnxlbnwwfHx8fDE2MzQxODY1MTE&ixlib=rb-1.2.1&q=80&w=400,2,2
https://images.unsplash.com/photo-1563620915-8478239e9aab?crop=entropy&cs=tinysrgb&fit=max&fm=jpg&ixid=MnwyNjY4NDl8MHwxfHNlYXJjaHwxMTl8fHBlcnNvbnxlbnwwfHx8fDE2MzQxODY1MTE&ixlib=rb-1.2.1&q=80&w=400,2,3
https://images.unsplash.com/photo-1526762204623-2d89f4ab1a09?crop=entropy&cs=tinysrgb&fit=max&fm=jpg&ixid=MnwyNjY4NDl8MHwxfHNlYXJjaHwxMjB8fHBlcnNvbnxlbnwwfHx8fDE2MzQxODY1MTE&ixlib=rb-1.2.1&q=80&w=400,2,3
https://images.unsplash.com/photo-1587812861198-6dfd6eec28f6?crop=entropy&cs=tinysrgb&fit=max&fm=jpg&ixid=MnwyNjY4NDl8MHwxfHNlYXJjaHwxMjF8fHBlcnNvbnxlbnwwfHx8fDE2MzQxODY1MTE&ixlib=rb-1.2.1&q=80&w=400,2,3
https://images.unsplash.com/photo-1561406636-b80293969660?crop=entropy&cs=tinysrgb&fit=max&fm=jpg&ixid=MnwyNjY4NDl8MHwxfHNlYXJjaHwxMjJ8fHBlcnNvbnxlbnwwfHx8fDE2MzQxODY1MTE&ixlib=rb-1.2.1&q=80&w=400,2,3
https://images.unsplash.com/photo-1568046866607-812203f31d41?crop=entropy&cs=tinysrgb&fit=max&fm=jpg&ixid=MnwyNjY4NDl8MHwxfHNlYXJjaHwxMjN8fHBlcnNvbnxlbnwwfHx8fDE2MzQxODY1MTE&ixlib=rb-1.2.1&q=80&w=400,2,3
https://images.unsplash.com/photo-1551349709-72e233ecc05f?crop=entropy&cs=tinysrgb&fit=max&fm=jpg&ixid=MnwyNjY4NDl8MHwxfHNlYXJjaHwxMjR8fHBlcnNvbnxlbnwwfHx8fDE2MzQxODY1MTE&ixlib=rb-1.2.1&q=80&w=400,2,3
https://images.unsplash.com/photo-1579591919791-0e3737ae3808?crop=entropy&cs=tinysrgb&fit=max&fm=jpg&ixid=MnwyNjY4NDl8MHwxfHNlYXJjaHwxMjV8fHBlcnNvbnxlbnwwfHx8fDE2MzQxODY1MTE&ixlib=rb-1.2.1&q=80&w=400,2,3
https://images.unsplash.com/photo-1599256621730-535171e28e50?crop=entropy&cs=tinysrgb&fit=max&fm=jpg&ixid=MnwyNjY4NDl8MHwxfHNlYXJjaHwxMjZ8fHBlcnNvbnxlbnwwfHx8fDE2MzQxODY1MTE&ixlib=rb-1.2.1&q=80&w=400,2,1
https://images.unsplash.com/photo-1548544149-4835e62ee5b3?crop=entropy&cs=tinysrgb&fit=max&fm=jpg&ixid=MnwyNjY4NDl8MHwxfHNlYXJjaHwxMjd8fHBlcnNvbnxlbnwwfHx8fDE2MzQxODY1MTE&ixlib=rb-1.2.1&q=80&w=400,2,1
https://images.unsplash.com/photo-1539698103494-a76dd0436fbc?crop=entropy&cs=tinysrgb&fit=max&fm=jpg&ixid=MnwyNjY4NDl8MHwxfHNlYXJjaHwxMjh8fHBlcnNvbnxlbnwwfHx8fDE2MzQxODY1MTE&ixlib=rb-1.2.1&q=80&w=400,2,1
https://images.unsplash.com/photo-1596815074853-84c4949c5b58?crop=entropy&cs=tinysrgb&fit=max&fm=jpg&ixid=MnwyNjY4NDl8MHwxfHNlYXJjaHwxMjl8fHBlcnNvbnxlbnwwfHx8fDE2MzQxODY1MTE&ixlib=rb-1.2.1&q=80&w=400,2,1
https://images.unsplash.com/photo-1558369553-4064d2f362db?crop=entropy&cs=tinysrgb&fit=max&fm=jpg&ixid=MnwyNjY4NDl8MHwxfHNlYXJjaHwxMzB8fHBlcnNvbnxlbnwwfHx8fDE2MzQxODY1MTE&ixlib=rb-1.2.1&q=80&w=400,1,1
