name,price,salePrice,subCategoryId,detailImageUrl
'멋진옷',4000,3000,1,'www.naver.com'
'멋진옷',4000,3000,1,'www.naver.com'
'멋진옷',4000,3000,1,'www.naver.com'
'멋진옷',4000,3000,1,'www.naver.com'
'멋진옷',4000,3000,1,'www.naver.com'
'멋진옷',4000,3000,1,'www.naver.com'
'멋진옷',4000,3000,1,'www.naver.com'
'멋진옷',4000,3000,1,'www.naver.com'
'멋진옷',4000,3000,1,'www.naver.com'
'멋진옷',4000,3000,1,'www.naver.com'
'멋진옷1',5000,4000,2,'www.naver.com'
'멋진옷1',5000,4000,2,'www.naver.com'
'멋진옷1',5000,4000,2,'www.naver.com'
'멋진옷1',5000,4000,2,'www.naver.com'
'멋진옷1',5000,4000,2,'www.naver.com'
'멋진옷1',5000,4000,2,'www.naver.com'
'멋진옷1',5000,4000,2,'www.naver.com'
'멋진옷1',5000,4000,2,'www.naver.com'
'멋진옷1',5000,4000,2,'www.naver.com'
'멋진옷1',5000,4000,2,'www.naver.com'
'멋진옷2',6000,5000,3,'www.naver.com'
'멋진옷2',6000,5000,3,'www.naver.com'
'멋진옷2',6000,5000,3,'www.naver.com'
'멋진옷2',6000,5000,3,'www.naver.com'
'멋진옷2',6000,5000,3,'www.naver.com'
'멋진옷2',6000,5000,3,'www.naver.com'
'멋진옷2',6000,5000,3,'www.naver.com'
'멋진옷2',6000,5000,3,'www.naver.com'
'멋진옷2',6000,5000,3,'www.naver.com'
'멋진옷2',6000,5000,3,'www.naver.com'
'멋진옷3',7000,6000,4,'www.naver.com'
'멋진옷3',7000,6000,4,'www.naver.com'
'멋진옷3',7000,6000,4,'www.naver.com'
'멋진옷3',7000,6000,4,'www.naver.com'
'멋진옷3',7000,6000,4,'www.naver.com'
'멋진옷3',7000,6000,4,'www.naver.com'
'멋진옷3',7000,6000,4,'www.naver.com'
'멋진옷3',7000,6000,4,'www.naver.com'
'멋진옷3',7000,6000,4,'www.naver.com'
'멋진옷3',7000,6000,4,'www.naver.com'
'멋진옷4',8000,6000,5,'www.naver.com'
'멋진옷4',8000,6000,5,'www.naver.com'
'멋진옷4',8000,6000,5,'www.naver.com'
'멋진옷4',8000,6000,5,'www.naver.com'
'멋진옷4',8000,6000,5,'www.naver.com'
'멋진옷4',8000,6000,5,'www.naver.com'
'멋진옷4',8000,6000,5,'www.naver.com'
'멋진옷4',8000,6000,5,'www.naver.com'
'멋진옷4',8000,6000,5,'www.naver.com'
'멋진옷4',8000,6000,5,'www.naver.com'
'멋진옷5',8000,6000,6,'www.naver.com'
'멋진옷5',8000,6000,6,'www.naver.com'
'멋진옷5',8000,6000,6,'www.naver.com'
'멋진옷5',8000,6000,6,'www.naver.com'
'멋진옷5',8000,6000,6,'www.naver.com'
'멋진옷5',8000,6000,6,'www.naver.com'
'멋진옷5',8000,6000,6,'www.naver.com'
'멋진옷5',8000,6000,6,'www.naver.com'
'멋진옷5',8000,6000,6,'www.naver.com'
'멋진옷5',8000,6000,6,'www.naver.com'
'멋진옷6',8000,6000,7,'www.naver.com'
'멋진옷6',8000,6000,7,'www.naver.com'
'멋진옷6',8000,6000,7,'www.naver.com'
'멋진옷6',8000,6000,7,'www.naver.com'
'멋진옷6',8000,6000,7,'www.naver.com'
'멋진옷6',8000,6000,7,'www.naver.com'
'멋진옷6',8000,6000,7,'www.naver.com'
'멋진옷6',8000,6000,7,'www.naver.com'
'멋진옷6',8000,6000,7,'www.naver.com'
'멋진옷6',8000,6000,7,'www.naver.com'
'멋진옷7',8000,6000,8,'www.naver.com'
'멋진옷7',8000,6000,8,'www.naver.com'
'멋진옷7',8000,6000,8,'www.naver.com'
'멋진옷7',8000,6000,8,'www.naver.com'
'멋진옷7',8000,6000,8,'www.naver.com'
'멋진옷7',8000,6000,8,'www.naver.com'
'멋진옷7',8000,6000,8,'www.naver.com'
'멋진옷7',8000,6000,8,'www.naver.com'
'멋진옷7',8000,6000,8,'www.naver.com'
'멋진옷7',8000,6000,8,'www.naver.com'
'멋진옷8',8000,6000,9,'www.naver.com'
'멋진옷8',8000,6000,9,'www.naver.com'
'멋진옷8',8000,6000,9,'www.naver.com'
'멋진옷8',8000,6000,9,'www.naver.com'
'멋진옷8',8000,6000,9,'www.naver.com'
'멋진옷8',8000,6000,9,'www.naver.com'
'멋진옷8',8000,6000,9,'www.naver.com'
'멋진옷8',8000,6000,9,'www.naver.com'
'멋진옷8',8000,6000,9,'www.naver.com'
'멋진옷8',8000,6000,9,'www.naver.com'
'멋진옷9',8000,6000,10,'www.naver.com'
'멋진옷9',8000,6000,10,'www.naver.com'
'멋진옷9',8000,6000,10,'www.naver.com'
'멋진옷9',8000,6000,10,'www.naver.com'
'멋진옷9',8000,6000,10,'www.naver.com'
'멋진옷9',8000,6000,10,'www.naver.com'
'멋진옷9',8000,6000,10,'www.naver.com'
'멋진옷9',8000,6000,10,'www.naver.com'
'멋진옷9',8000,6000,10,'www.naver.com'
'멋진옷9',8000,6000,10,'www.naver.com'
'멋진옷10',8000,6000,11,'www.naver.com'
'멋진옷10',8000,6000,11,'www.naver.com'
'멋진옷10',8000,6000,11,'www.naver.com'
'멋진옷10',8000,6000,11,'www.naver.com'
'멋진옷10',8000,6000,11,'www.naver.com'
'멋진옷10',8000,6000,11,'www.naver.com'
'멋진옷10',8000,6000,11,'www.naver.com'
'멋진옷10',8000,6000,11,'www.naver.com'
'멋진옷10',8000,6000,11,'www.naver.com'
'멋진옷10',8000,6000,11,'www.naver.com'
'멋진옷11',8000,6000,12,'www.naver.com'
'멋진옷11',8000,6000,12,'www.naver.com'
'멋진옷11',8000,6000,12,'www.naver.com'
'멋진옷11',8000,6000,12,'www.naver.com'
'멋진옷11',8000,6000,12,'www.naver.com'
'멋진옷11',8000,6000,12,'www.naver.com'
'멋진옷11',8000,6000,12,'www.naver.com'
'멋진옷11',8000,6000,12,'www.naver.com'
'멋진옷11',8000,6000,12,'www.naver.com'
'멋진옷11',8000,6000,12,'www.naver.com'
'멋진옷12',8000,6000,13,'www.naver.com'
'멋진옷12',8000,6000,13,'www.naver.com'
'멋진옷12',8000,6000,13,'www.naver.com'
'멋진옷12',8000,6000,13,'www.naver.com'
'멋진옷12',8000,6000,13,'www.naver.com'
'멋진옷12',8000,6000,13,'www.naver.com'
'멋진옷12',8000,6000,13,'www.naver.com'
'멋진옷12',8000,6000,13,'www.naver.com'
'멋진옷12',8000,6000,13,'www.naver.com'
'멋진옷12',8000,6000,13,'www.naver.com'
'멋진옷13',8000,6000,14,'www.naver.com'
'멋진옷13',8000,6000,14,'www.naver.com'
'멋진옷13',8000,6000,14,'www.naver.com'
'멋진옷13',8000,6000,14,'www.naver.com'
'멋진옷13',8000,6000,14,'www.naver.com'
'멋진옷13',8000,6000,14,'www.naver.com'
'멋진옷13',8000,6000,14,'www.naver.com'
'멋진옷13',8000,6000,14,'www.naver.com'
'멋진옷13',8000,6000,14,'www.naver.com'
'멋진옷13',8000,6000,14,'www.naver.com'